"Cell_ID","Count","Pre.Percentage","Post.Percentage","post.pre","treat"
"V654A #29",7311,11.50629917,17.90551297,1.556148741,"DMSO_III"
"V654A #30",2229,4.351653188,5.459087458,1.254485875,"DMSO_III"
"V654A #39",534,1.218572922,1.307829835,1.073247084,"DMSO_III"
"D816E #23",0,0.013753645,0,0,"DMSO_III"
"D816E #24",3597,8.059635803,8.809482991,1.093037354,"DMSO_III"
"D816E #36",11426,28.41778071,27.98363988,0.984722916,"DMSO_III"
"D816A #10",3512,9.850360345,8.60130783,0.873197277,"DMSO_III"
"D816A #11",475,2.96803653,1.163331782,0.391953324,"DMSO_III"
"D816A #13",2480,13.58585025,6.073816463,0.447069293,"DMSO_III"
"A829P #21",1142,3.034054024,2.796894516,0.921834118,"DMSO_III"
"A829P #22",5291,12.82664906,12.95829149,1.010263197,"DMSO_III"
"A829P #28",2742,3.875777081,6.715485783,1.732681122,"DMSO_III"
"V654A #29",8023,11.50629917,12.50487071,1.086784771,"IM_III_30"
"V654A #30",3630,4.351653188,5.657818856,1.300153898,"IM_III_30"
"V654A #39",824,1.218572922,1.284309294,1.053945374,"IM_III_30"
"D816E #23",4,0.013753645,0.006234511,0.453298836,"IM_III_30"
"D816E #24",5471,8.059635803,8.527252607,1.058019595,"IM_III_30"
"D816E #36",20591,28.41778071,32.0937047,1.129352958,"IM_III_30"
"D816A #10",6514,9.850360345,10.15290139,1.030713703,"IM_III_30"
"D816A #11",949,2.96803653,1.479137767,0.498355648,"IM_III_30"
"D816A #13",4668,13.58585025,7.275674496,0.535533247,"IM_III_30"
"A829P #21",1728,3.034054024,2.693308811,0.887693096,"IM_III_30"
"A829P #22",9084,12.82664906,14.15857479,1.103840506,"IM_III_30"
"A829P #28",2332,3.875777081,3.634719993,0.937804192,"IM_III_30"
"V654A #29",5414,11.50629917,12.50519702,1.086813131,"IM_III_100"
"V654A #30",2491,4.351653188,5.753684113,1.322183516,"IM_III_100"
"V654A #39",650,1.218572922,1.501362775,1.232066418,"IM_III_100"
"D816E #23",6,0.013753645,0.013858733,1.007640782,"IM_III_100"
"D816E #24",3860,8.059635803,8.915785097,1.106226797,"IM_III_100"
"D816E #36",14212,28.41778071,32.82671964,1.155147194,"IM_III_100"
"D816A #10",4058,9.850360345,9.373123297,0.951551311,"IM_III_100"
"D816A #11",648,2.96803653,1.496743198,0.504287324,"IM_III_100"
"D816A #13",3375,13.58585025,7.795537488,0.573798279,"IM_III_100"
"A829P #21",1259,3.034054024,2.908024207,0.958461578,"IM_III_100"
"A829P #22",5620,12.82664906,12.98101354,1.012034669,"IM_III_100"
"A829P #28",1572,3.875777081,3.630988128,0.936841323,"IM_III_100"
"V654A #29",4520,11.50629917,11.47819904,0.997557848,"IM_III_300"
"V654A #30",2398,4.351653188,6.08954011,1.39936246,"IM_III_300"
"V654A #39",1166,1.218572922,2.960969044,2.429866109,"IM_III_300"
"D816E #23",3,0.013753645,0.007618274,0.553909444,"IM_III_300"
"D816E #24",3217,8.059635803,8.16932883,1.013610172,"IM_III_300"
"D816E #36",12545,28.41778071,31.85708119,1.121026357,"IM_III_300"
"D816A #10",3528,9.850360345,8.95908987,0.909518998,"IM_III_300"
"D816A #11",727,2.96803653,1.84616166,0.622014467,"IM_III_300"
"D816A #13",2903,13.58585025,7.371949516,0.542619665,"IM_III_300"
"A829P #21",1603,3.034054024,4.07069758,1.341669445,"IM_III_300"
"A829P #22",5174,12.82664906,13.13898271,1.02435037,"IM_III_300"
"A829P #28",1513,3.875777081,3.842149369,0.991323621,"IM_III_300"
"V654A #29",5486,11.50629917,15.94350315,1.385632593,"IM_III_1000"
"V654A #30",2478,4.351653188,7.201604231,1.654912264,"IM_III_1000"
"V654A #39",663,1.218572922,1.926821471,1.581211462,"IM_III_1000"
"D816E #23",11,0.013753645,0.03196838,2.324357,"IM_III_1000"
"D816E #24",2436,8.059635803,7.079543143,0.878394919,"IM_III_1000"
"D816E #36",8359,28.41778071,24.29306286,0.854854329,"IM_III_1000"
"D816A #10",2701,9.850360345,7.849690488,0.796893739,"IM_III_1000"
"D816A #11",505,2.96803653,1.46763928,0.494481542,"IM_III_1000"
"D816A #13",2704,13.58585025,7.858409137,0.578426009,"IM_III_1000"
"A829P #21",1407,3.034054024,4.08904647,1.347717093,"IM_III_1000"
"A829P #22",5782,12.82664906,16.80374321,1.310064938,"IM_III_1000"
"A829P #28",1757,3.875777081,5.106222209,1.317470562,"IM_III_1000"
"V654A#29",12628,11.3244274210006,11.0105501787427,0.972283168888891,"M42_30_III"
"V654A#29",20173,11.3244274210006,11.2334335672124,0.991964816373899,"M42_100_III"
"V654A#29",9408,11.3244274210006,10.8667529107374,0.959585196385783,"M42_300_III"
"V654A#29",15830,11.3244274210006,10.7378817272863,0.948205267082505,"M42_1000_III"
"T1 parental #4",3,0.008252187,0.008252187,1,"Pre_III"
"T1 parental #6",28,0.07702041,0.07702041,1,"Pre_III"
"T1 parental #9",3,0.008252187,0.008252187,1,"Pre_III"
"TSC2 #18",4,0.011002916,0.011002916,1,"Pre_III"
"TSC2 #19",3,0.008252187,0.008252187,1,"Pre_III"
"TSC2 #20",7,0.019255103,0.019255103,1,"Pre_III"
"PTEN #15",18,0.049513121,0.049513121,1,"Pre_III"
"PTEN #16",9,0.02475656,0.02475656,1,"Pre_III"
"PTEN #17",20,0.055014579,0.055014579,1,"Pre_III"
"Hom #25",3,0.008252187,0.008252187,1,"Pre_III"
"Hom #26",4,0.011002916,0.011002916,1,"Pre_III"
"Hom #27",4,0.011002916,0.011002916,1,"Pre_III"
"V654A #29",4183,11.50629917,11.50629917,1,"Pre_III"
"V654A #30",1582,4.351653188,4.351653188,1,"Pre_III"
"V654A #39",443,1.218572922,1.218572922,1,"Pre_III"
"D816E #23",5,0.013753645,0.013753645,1,"Pre_III"
"D816E #24",2930,8.059635803,8.059635803,1,"Pre_III"
"D816E #36",10331,28.41778071,28.41778071,1,"Pre_III"
"D816A #10",3581,9.850360345,9.850360345,1,"Pre_III"
"D816A #11",1079,2.96803653,2.96803653,1,"Pre_III"
"D816A #13",4939,13.58585025,13.58585025,1,"Pre_III"
"A829P #21",1103,3.034054024,3.034054024,1,"Pre_III"
"A829P #22",4663,12.82664906,12.82664906,1,"Pre_III"
"A829P #28",1409,3.875777081,3.875777081,1,"Pre_III"
"V654A#29",22719,11.20413637937,11.6363282490448,1.03857431354286,"Reg_30_III"
"V654A#29",21385,11.20413637937,12.948677581864,1.15570510242147,"Reg_100_III"
"V654A#29",32425,11.20413637937,13.4599418845994,1.20133684818251,"Reg_300_III"
"V654A#29",372,11.20413637937,10.3534650709713,0.92407524510635,"Reg_1000_III"
"V654A#29",27233,11.20413637937,17.9669202298562,1.6035970664315,"Rip_30_III"
"V654A#29",22425,11.20413637937,15.3627457696787,1.37116733048393,"Rip_100_III"
"V654A#29",14508,11.20413637937,10.4447740133331,0.932224819448371,"Rip_300_III"
"V654A#29",10897,11.20413637937,6.93466888976568,0.618938279128266,"Rip_1000_III"
