Sample,CellID,Count,Pre-Percentage,Post-Percentage,post/pre
P2_Ctrl_145324_left,TSC2#18,6268,8.913570046,4.053730687,0.454781941
P2_Ctrl_145324_left,TSC2#19,20,0.003240414,0.012934686,3.991676529
P2_Ctrl_145324_left,TSC2#20,13329,16.7067668,8.620321686,0.515977854
P2_Ctrl_145324_left,PTEN#15,12723,3.370031027,8.228400691,2.441639446
P2_Ctrl_145324_left,PTEN#16,40720,6.53510584,26.33502131,4.029777322
P2_Ctrl_145324_left,PTEN#17,51613,4.565743959,33.3798982,7.310943957
P2_Ctrl_145324_left,Hom#25,6320,2.496739333,4.087360871,1.637079537
P2_Ctrl_145324_left,Hom#26,4817,3.858523505,3.115319196,0.807386347
P2_Ctrl_145324_left,Hom#27,4252,2.550206171,2.749914308,1.078310585
P2_Ctrl_145324_left,V654A#29,286,5.435795238,0.184966014,0.034027406
P2_Ctrl_145324_left,V654A#30,294,4.241702514,0.190139889,0.044826314
P2_Ctrl_145324_left,V654A#39,353,2.170267577,0.228297213,0.105193118
P2_Ctrl_145324_left,D816E#24,312,2.708176376,0.201781106,0.074508111
P2_Ctrl_145324_left,D816E#34,88,0.918657496,0.05691262,0.061951946
P2_Ctrl_145324_left,D816E#36,845,14.18410415,0.546490496,0.038528376
P2_Ctrl_145324_left,D816A#10,6010,5.200055087,3.886873234,0.747467703
P2_Ctrl_145324_left,D816A#11,3637,2.555876897,2.352172704,0.920299685
P2_Ctrl_145324_left,D816A#13,1103,7.307134583,0.71334795,0.097623486
P2_Ctrl_145324_left,A829P#21,546,1.62587795,0.353116936,0.21718539
P2_Ctrl_145324_left,A829P#22,699,2.423830008,0.452067286,0.186509485
P2_Ctrl_145324_left,A829P#28,388,2.228595037,0.250932914,0.11259691
P2_Ctrl_148895_left,TSC2#18,9263,8.913570046,5.423365613,0.608439221
P2_Ctrl_148895_left,TSC2#19,11,0.003240414,0.006440356,1.9875101
P2_Ctrl_148895_left,TSC2#20,25311,16.7067668,14.81926018,0.88702143
P2_Ctrl_148895_left,PTEN#15,14683,3.370031027,8.596704879,2.550927517
P2_Ctrl_148895_left,PTEN#16,42006,6.53510584,24.5939648,3.76336136
P2_Ctrl_148895_left,PTEN#17,42352,4.565743959,24.79654329,5.430997338
P2_Ctrl_148895_left,Hom#25,4432,2.496739333,2.59487816,1.039306797
P2_Ctrl_148895_left,Hom#26,6224,3.858523505,3.644070774,0.944421038
P2_Ctrl_148895_left,Hom#27,4319,2.550206171,2.528718135,0.991574
P2_Ctrl_148895_left,V654A#29,1916,5.435795238,1.121792995,0.206371459
P2_Ctrl_148895_left,V654A#30,1742,4.241702514,1.019918266,0.240450211
P2_Ctrl_148895_left,V654A#39,840,2.170267577,0.491809038,0.226612167
P2_Ctrl_148895_left,D816E#24,1168,2.708176376,0.683848757,0.252512637
P2_Ctrl_148895_left,D816E#34,125,0.918657496,0.073185869,0.079666109
P2_Ctrl_148895_left,D816E#36,2237,14.18410415,1.309734306,0.092338176
P2_Ctrl_148895_left,D816A#10,7680,5.200055087,4.496539772,0.864710027
P2_Ctrl_148895_left,D816A#11,4133,2.555876897,2.419817562,0.946766085
P2_Ctrl_148895_left,D816A#13,1191,7.307134583,0.697314957,0.09542933
P2_Ctrl_148895_left,A829P#21,324,1.62587795,0.189697772,0.116674054
P2_Ctrl_148895_left,A829P#22,591,2.423830008,0.346022787,0.142758686
P2_Ctrl_148895_left,A829P#28,250,2.228595037,0.146371737,0.06567893
P2_Ctrl_148895_right,TSC2#18,17007,8.913570046,6.598458924,0.74027117
P2_Ctrl_148895_right,TSC2#19,5,0.003240414,0.001939924,0.598665526
P2_Ctrl_148895_right,TSC2#20,33368,16.7067668,12.94627961,0.774912332
P2_Ctrl_148895_right,PTEN#15,22472,3.370031027,8.718796316,2.587156096
P2_Ctrl_148895_right,PTEN#16,67456,6.53510584,26.17190834,4.004817823
P2_Ctrl_148895_right,PTEN#17,71199,4.565743959,27.62413576,6.050303305
P2_Ctrl_148895_right,Hom#25,4995,2.496739333,1.937984496,0.776206178
P2_Ctrl_148895_right,Hom#26,9844,3.858523505,3.819323199,0.989840594
P2_Ctrl_148895_right,Hom#27,4586,2.550206171,1.779298679,0.697707777
P2_Ctrl_148895_right,V654A#29,2038,5.435795238,0.790713194,0.145464124
P2_Ctrl_148895_right,V654A#30,1968,4.241702514,0.763554252,0.180011269
P2_Ctrl_148895_right,V654A#39,967,2.170267577,0.375181383,0.17287333
P2_Ctrl_148895_right,D816E#24,1627,2.708176376,0.631251406,0.233090951
P2_Ctrl_148895_right,D816E#34,213,0.918657496,0.08264078,0.089958206
P2_Ctrl_148895_right,D816E#36,4618,14.18410415,1.791714195,0.12631846
P2_Ctrl_148895_right,D816A#10,7462,5.200055087,2.895143205,0.556752411
P2_Ctrl_148895_right,D816A#11,3613,2.555876897,1.401789386,0.548457317
P2_Ctrl_148895_right,D816A#13,1679,7.307134583,0.65142662,0.089149394
P2_Ctrl_148895_right,A829P#21,752,1.62587795,0.291764633,0.179450513
P2_Ctrl_148895_right,A829P#22,1248,2.423830008,0.484205135,0.199768603
P2_Ctrl_148895_right,A829P#28,625,2.228595037,0.242490553,0.108808711
P2_Ctrl_148928_left,TSC2#18,17987,8.913570046,9.220178078,1.034397893
P2_Ctrl_148928_left,TSC2#19,4,0.003240414,0.002050409,0.63276144
P2_Ctrl_148928_left,TSC2#20,29527,16.7067668,15.13560895,0.905956798
P2_Ctrl_148928_left,PTEN#15,12976,3.370031027,6.651527811,1.973728953
P2_Ctrl_148928_left,PTEN#16,52716,6.53510584,27.02234434,4.134951292
P2_Ctrl_148928_left,PTEN#17,51083,4.565743959,26.18526473,5.735158382
P2_Ctrl_148928_left,Hom#25,3840,2.496739333,1.96839294,0.788385441
P2_Ctrl_148928_left,Hom#26,7485,3.858523505,3.836828427,0.994377363
P2_Ctrl_148928_left,Hom#27,3514,2.550206171,1.801284581,0.706329003
P2_Ctrl_148928_left,V654A#29,422,5.435795238,0.216318183,0.039795131
P2_Ctrl_148928_left,V654A#30,442,4.241702514,0.226570229,0.053414927
P2_Ctrl_148928_left,V654A#39,286,2.170267577,0.146604266,0.06755124
P2_Ctrl_148928_left,D816E#24,901,2.708176376,0.461854698,0.170540849
P2_Ctrl_148928_left,D816E#34,164,0.918657496,0.084066782,0.091510473
P2_Ctrl_148928_left,D816E#36,2402,14.18410415,1.231270792,0.086806384
P2_Ctrl_148928_left,D816A#10,6411,5.200055087,3.286293526,0.631972829
P2_Ctrl_148928_left,D816A#11,2806,2.555876897,1.438362133,0.562766593
P2_Ctrl_148928_left,D816A#13,946,7.307134583,0.484921803,0.066362785
P2_Ctrl_148928_left,A829P#21,305,1.62587795,0.15634371,0.096159561
P2_Ctrl_148928_left,A829P#22,639,2.423830008,0.327552888,0.135138556
P2_Ctrl_148928_left,A829P#28,227,2.228595037,0.116360729,0.052212594
P2_Ctrl_148928_rigth,TSC2#18,8729,8.913570046,9.6149186,1.078683238
P2_Ctrl_148928_rigth,TSC2#19,95,0.003240414,0.104641685,32.29268555
P2_Ctrl_148928_rigth,TSC2#20,9364,16.7067668,10.31436565,0.617376526
P2_Ctrl_148928_rigth,PTEN#15,5589,3.370031027,6.156235543,1.826759307
P2_Ctrl_148928_rigth,PTEN#16,34169,6.53510584,37.63686031,5.759181447
P2_Ctrl_148928_rigth,PTEN#17,19202,4.565743959,21.15083823,4.632506428
P2_Ctrl_148928_rigth,Hom#25,944,2.496739333,1.0398079,0.416466343
P2_Ctrl_148928_rigth,Hom#26,2083,3.858523505,2.294406627,0.594633316
P2_Ctrl_148928_rigth,Hom#27,1262,2.550206171,1.390082171,0.545086192
P2_Ctrl_148928_rigth,V654A#29,427,5.435795238,0.470336836,0.086525856
P2_Ctrl_148928_rigth,V654A#30,427,4.241702514,0.470336836,0.110883975
P2_Ctrl_148928_rigth,V654A#39,189,2.170267577,0.208181878,0.095924521
P2_Ctrl_148928_rigth,D816E#24,349,2.708176376,0.384420505,0.141948105
P2_Ctrl_148928_rigth,D816E#34,370,0.918657496,0.407551825,0.443638491
P2_Ctrl_148928_rigth,D816E#36,1072,14.18410415,1.180798802,0.083248035
P2_Ctrl_148928_rigth,D816A#10,3307,5.200055087,3.642632124,0.700498757
P2_Ctrl_148928_rigth,D816A#11,984,2.555876897,1.083867557,0.424068764
P2_Ctrl_148928_rigth,D816A#13,428,7.307134583,0.471438327,0.064517537
P2_Ctrl_148928_rigth,A829P#21,357,1.62587795,0.393232437,0.241858521
P2_Ctrl_148928_rigth,A829P#22,901,2.423830008,0.992443769,0.409452711
P2_Ctrl_148928_rigth,A829P#28,538,2.228595037,0.592602384,0.265908509
P2_IM_148327_left,TSC2#18,12250,8.913570046,7.309461725,0.820037503
P2_IM_148327_left,TSC2#19,19,0.003240414,0.011337124,3.498664904
P2_IM_148327_left,TSC2#20,31030,16.7067668,18.51531407,1.10825238
P2_IM_148327_left,PTEN#15,7812,3.370031027,4.661348163,1.383176631
P2_IM_148327_left,PTEN#16,41302,6.53510584,24.64452148,3.771097529
P2_IM_148327_left,PTEN#17,23254,4.565743959,13.87544677,3.039033046
P2_IM_148327_left,Hom#25,8678,2.496739333,5.178082355,2.07393791
P2_IM_148327_left,Hom#26,7091,3.858523505,4.23113413,1.096568188
P2_IM_148327_left,Hom#27,4794,2.550206171,2.86053547,1.121687926
P2_IM_148327_left,V654A#29,566,5.435795238,0.337726966,0.062130185
P2_IM_148327_left,V654A#30,412,4.241702514,0.24583659,0.057957056
P2_IM_148327_left,V654A#39,486,2.170267577,0.289991706,0.133620254
P2_IM_148327_left,D816E#24,2964,2.708176376,1.768591392,0.653056207
P2_IM_148327_left,D816E#34,574,0.918657496,0.342500492,0.372827189
P2_IM_148327_left,D816E#36,8257,14.18410415,4.926875548,0.347351902
P2_IM_148327_left,D816A#10,8101,5.200055087,4.833791791,0.929565497
P2_IM_148327_left,D816A#11,4367,2.555876897,2.605748519,1.019512529
P2_IM_148327_left,D816A#13,4097,7.307134583,2.444642015,0.334555493
P2_IM_148327_left,A829P#21,460,1.62587795,0.274477746,0.168818174
P2_IM_148327_left,A829P#22,697,2.423830008,0.415893455,0.171585241
P2_IM_148327_left,A829P#28,380,2.228595037,0.226742486,0.101742345
P2_IM_148327_right,TSC2#18,18246,8.913570046,7.418098436,0.832225292
P2_IM_148327_right,TSC2#19,13,0.003240414,0.005285283,1.631051649
P2_IM_148327_right,TSC2#20,58409,16.7067668,23.74677801,1.421386813
P2_IM_148327_right,PTEN#15,10102,3.370031027,4.107071709,1.21870442
P2_IM_148327_right,PTEN#16,64548,6.53510584,26.24265142,4.015642909
P2_IM_148327_right,PTEN#17,33727,4.565743959,13.71205776,3.003247201
P2_IM_148327_right,Hom#25,7220,2.496739333,2.93536505,1.17567942
P2_IM_148327_right,Hom#26,6853,3.858523505,2.786157436,0.722078648
P2_IM_148327_right,Hom#27,5571,2.550206171,2.264947188,0.888142776
P2_IM_148327_right,V654A#29,815,5.435795238,0.331346609,0.060956418
P2_IM_148327_right,V654A#30,841,4.241702514,0.341917176,0.080608476
P2_IM_148327_right,V654A#39,472,2.170267577,0.191896441,0.088420637
P2_IM_148327_right,D816E#24,3795,2.708176376,1.542896173,0.569717758
P2_IM_148327_right,D816E#34,543,0.918657496,0.220762219,0.240309604
P2_IM_148327_right,D816E#36,11165,14.18410415,4.539245262,0.320023402
P2_IM_148327_right,D816A#10,12400,5.200055087,5.041347178,0.969479572
P2_IM_148327_right,D816A#11,5728,2.555876897,2.328777148,0.911146054
P2_IM_148327_right,D816A#13,2916,7.307134583,1.185529707,0.162242763
P2_IM_148327_right,A829P#21,729,1.62587795,0.296382427,0.182290698
P2_IM_148327_right,A829P#22,1292,2.423830008,0.525275851,0.216713156
P2_IM_148327_right,A829P#28,581,2.228595037,0.236211509,0.105991221
P2_IM_148878_left,TSC2#18,19264,8.913570046,7.806111492,0.875755893
P2_IM_148878_left,TSC2#19,0,0.003240414,0,0
P2_IM_148878_left,TSC2#20,59250,16.7067668,24.00914171,1.437090851
P2_IM_148878_left,PTEN#15,8163,3.370031027,3.307791118,0.981531354
P2_IM_148878_left,PTEN#16,52981,6.53510584,21.46883269,3.285154551
P2_IM_148878_left,PTEN#17,24071,4.565743959,9.753992406,2.1363424
P2_IM_148878_left,Hom#25,3379,2.496739333,1.369230208,0.548407353
P2_IM_148878_left,Hom#26,4953,3.858523505,2.007042682,0.52015821
P2_IM_148878_left,Hom#27,3193,2.550206171,1.293859738,0.507354955
P2_IM_148878_left,V654A#29,5108,5.435795238,2.069851407,0.38078171
P2_IM_148878_left,V654A#30,4942,4.241702514,2.002585288,0.472118278
P2_IM_148878_left,V654A#39,1917,2.170267577,0.776802104,0.357929184
P2_IM_148878_left,D816E#24,6668,2.708176376,2.701990834,0.997715975
P2_IM_148878_left,D816E#34,1178,0.918657496,0.477346311,0.519612928
P2_IM_148878_left,D816E#36,19705,14.18410415,7.984812445,0.562940906
P2_IM_148878_left,D816A#10,21456,5.200055087,8.69434843,1.67197237
P2_IM_148878_left,D816A#11,6263,2.555876897,2.537877713,0.992957727
P2_IM_148878_left,D816A#13,2211,7.307134583,0.895936073,0.122611136
P2_IM_148878_left,A829P#21,661,1.62587795,0.267848821,0.164741038
P2_IM_148878_left,A829P#22,902,2.423830008,0.365506259,0.150796986
P2_IM_148878_left,A829P#28,516,2.228595037,0.209092272,0.093822462
P2_IM_148882_left,TSC2#18,9615,8.913570046,6.443074449,0.722838819
P2_IM_148882_left,TSC2#19,7,0.003240414,0.004690746,1.44757589
P2_IM_148882_left,TSC2#20,34322,16.7067668,22.9993969,1.37665158
P2_IM_148882_left,PTEN#15,5535,3.370031027,3.709039737,1.10059513
P2_IM_148882_left,PTEN#16,32216,6.53510584,21.58815252,3.303412836
P2_IM_148882_left,PTEN#17,15442,4.565743959,10.3477853,2.266396318
P2_IM_148882_left,Hom#25,2742,2.496739333,1.837432152,0.735932713
P2_IM_148882_left,Hom#26,3458,3.858523505,2.317228439,0.600547965
P2_IM_148882_left,Hom#27,2481,2.550206171,1.662534343,0.651921543
P2_IM_148882_left,V654A#29,1769,5.435795238,1.185418482,0.218076368
P2_IM_148882_left,V654A#30,2036,4.241702514,1.36433693,0.321648424
P2_IM_148882_left,V654A#39,786,2.170267577,0.526703746,0.242690695
P2_IM_148882_left,D816E#24,5165,2.708176376,3.461100315,1.278018797
P2_IM_148882_left,D816E#34,1171,0.918657496,0.784694766,0.854175544
P2_IM_148882_left,D816E#36,14490,14.18410415,9.709843865,0.684558134
P2_IM_148882_left,D816A#10,10926,5.200055087,7.321584132,1.407982033
P2_IM_148882_left,D816A#11,3618,2.555876897,2.424445487,0.948576784
P2_IM_148882_left,D816A#13,1663,7.307134583,1.114387188,0.152506728
P2_IM_148882_left,A829P#21,556,1.62587795,0.37257924,0.229155725
P2_IM_148882_left,A829P#22,844,2.423830008,0.565569926,0.23333729
P2_IM_148882_left,A829P#28,388,2.228595037,0.26000134,0.116666032
P2_IM_148882_right,TSC2#18,14146,8.913570046,8.260100317,0.926688215
P2_IM_148882_right,TSC2#19,42,0.003240414,0.024524545,7.568335893
P2_IM_148882_right,TSC2#20,37429,16.7067668,21.855457,1.308179929
P2_IM_148882_right,PTEN#15,6393,3.370031027,3.732986097,1.10770081
P2_IM_148882_right,PTEN#16,39528,6.53510584,23.08110033,3.531863278
P2_IM_148882_right,PTEN#17,19425,4.565743959,11.34260205,2.484283428
P2_IM_148882_right,Hom#25,2986,2.496739333,1.743578365,0.69834217
P2_IM_148882_right,Hom#26,3896,3.858523505,2.274943506,0.589589127
P2_IM_148882_right,Hom#27,2779,2.550206171,1.622707393,0.636304394
P2_IM_148882_right,V654A#29,2073,5.435795238,1.21046147,0.222683419
P2_IM_148882_right,V654A#30,1987,4.241702514,1.160244545,0.273532748
P2_IM_148882_right,V654A#39,790,2.170267577,0.461295013,0.212552138
P2_IM_148882_right,D816E#24,4703,2.708176376,2.74616512,1.014027426
P2_IM_148882_right,D816E#34,1099,0.918657496,0.641725594,0.698547169
P2_IM_148882_right,D816E#36,13372,14.18410415,7.808147988,0.550485805
P2_IM_148882_right,D816A#10,12790,5.200055087,7.468307865,1.436197836
P2_IM_148882_right,D816A#11,3598,2.555876897,2.10093602,0.822002039
P2_IM_148882_right,D816A#13,1666,7.307134583,0.972806951,0.133131112
P2_IM_148882_right,A829P#21,815,1.62587795,0.475892956,0.292699065
P2_IM_148882_right,A829P#22,1021,2.423830008,0.59618001,0.245966098
P2_IM_148882_right,A829P#28,719,2.228595037,0.419836853,0.188386336
P2_Preepool,TSC2#18,11003,8.913570046,8.913570046,1
P2_Preepool,TSC2#19,4,0.003240414,0.003240414,1
P2_Preepool,TSC2#20,20623,16.7067668,16.7067668,1
P2_Preepool,PTEN#15,4160,3.370031027,3.370031027,1
P2_Preepool,PTEN#16,8067,6.53510584,6.53510584,1
P2_Preepool,PTEN#17,5636,4.565743959,4.565743959,1
P2_Preepool,Hom#25,3082,2.496739333,2.496739333,1
P2_Preepool,Hom#26,4763,3.858523505,3.858523505,1
P2_Preepool,Hom#27,3148,2.550206171,2.550206171,1
P2_Preepool,V654A#29,6710,5.435795238,5.435795238,1
P2_Preepool,V654A#30,5236,4.241702514,4.241702514,1
P2_Preepool,V654A#39,2679,2.170267577,2.170267577,1
P2_Preepool,D816E#24,3343,2.708176376,2.708176376,1
P2_Preepool,D816E#34,1134,0.918657496,0.918657496,1
P2_Preepool,D816E#36,17509,14.18410415,14.18410415,1
P2_Preepool,D816A#10,6419,5.200055087,5.200055087,1
P2_Preepool,D816A#11,3155,2.555876897,2.555876897,1
P2_Preepool,D816A#13,9020,7.307134583,7.307134583,1
P2_Preepool,A829P#21,2007,1.62587795,1.62587795,1
P2_Preepool,A829P#22,2992,2.423830008,2.423830008,1
P2_Preepool,A829P#28,2751,2.228595037,2.228595037,1
P2_SU_145326_left,TSC2#18,18055,8.913570046,5.242663755,0.588166551
P2_SU_145326_left,TSC2#19,12,0.003240414,0.003484462,1.075313747
P2_SU_145326_left,TSC2#20,65941,16.7067668,19.14741017,1.146087116
P2_SU_145326_left,PTEN#15,12471,3.370031027,3.621227344,1.07453828
P2_SU_145326_left,PTEN#16,72705,6.53510584,21.11148537,3.230473367
P2_SU_145326_left,PTEN#17,43732,4.565743959,12.69854175,2.781264536
P2_SU_145326_left,Hom#25,24676,2.496739333,7.165215775,2.869829333
P2_SU_145326_left,Hom#26,21024,3.858523505,6.104777778,1.582153839
P2_SU_145326_left,Hom#27,20585,2.550206171,5.977304536,2.343851491
P2_SU_145326_left,V654A#29,392,5.435795238,0.113825765,0.020940039
P2_SU_145326_left,V654A#30,326,4.241702514,0.094661223,0.022316799
P2_SU_145326_left,V654A#39,195,2.170267577,0.056622511,0.026090106
P2_SU_145326_left,D816E#24,9359,2.708176376,2.717590146,1.003476055
P2_SU_145326_left,D816E#34,1133,0.918657496,0.328991306,0.358121833
P2_SU_145326_left,D816E#36,25158,14.18410415,7.305175007,0.515025477
P2_SU_145326_left,D816A#10,12735,5.200055087,3.697885512,0.711124296
P2_SU_145326_left,D816A#11,6277,2.555876897,1.822664104,0.713126718
P2_SU_145326_left,D816A#13,7460,7.307134583,2.166174002,0.296446436
P2_SU_145326_left,A829P#21,706,1.62587795,0.205002526,0.126087279
P2_SU_145326_left,A829P#22,910,2.423830008,0.264238384,0.109016879
P2_SU_145326_left,A829P#28,534,2.228595037,0.155058568,0.069576825
P2_SU_145328_left,TSC2#18,16887,8.913570046,7.158086599,0.803054956
P2_SU_145328_left,TSC2#19,71,0.003240414,0.030095585,9.287572855
P2_SU_145328_left,TSC2#20,71713,16.7067668,30.39781277,1.819491057
P2_SU_145328_left,PTEN#15,8429,3.370031027,3.572897018,1.060197069
P2_SU_145328_left,PTEN#16,38554,6.53510584,16.34232669,2.500698089
P2_SU_145328_left,PTEN#17,28588,4.565743959,12.11792383,2.65409623
P2_SU_145328_left,Hom#25,10019,2.496739333,4.246868576,1.700965944
P2_SU_145328_left,Hom#26,8481,3.858523505,3.594938855,0.931687691
P2_SU_145328_left,Hom#27,9359,2.550206171,3.967106797,1.555602383
P2_SU_145328_left,V654A#29,668,5.435795238,0.28315283,0.052090415
P2_SU_145328_left,V654A#30,736,4.241702514,0.311976771,0.073549894
P2_SU_145328_left,V654A#39,315,2.170267577,0.133522667,0.061523597
P2_SU_145328_left,D816E#24,4527,2.708176376,1.918911472,0.708562223
P2_SU_145328_left,D816E#34,746,0.918657496,0.316215586,0.344214887
P2_SU_145328_left,D816E#36,16018,14.18410415,6.78973359,0.478686107
P2_SU_145328_left,D816A#10,12271,5.200055087,5.201449675,1.000268187
P2_SU_145328_left,D816A#11,3624,2.555876897,1.536146493,0.601025228
P2_SU_145328_left,D816A#13,2358,7.307134583,0.999512536,0.136785839
P2_SU_145328_left,A829P#21,968,1.62587795,0.410317275,0.252366591
P2_SU_145328_left,A829P#22,1033,2.423830008,0.437869572,0.180651931
P2_SU_145328_left,A829P#28,550,2.228595037,0.233134816,0.104610668
P2_SU_147725_left,TSC2#18,13180,8.913570046,7.559766898,0.848118864
P2_SU_147725_left,TSC2#19,18,0.003240414,0.010324416,3.186140619
P2_SU_147725_left,TSC2#20,43609,16.7067668,25.01319231,1.49718929
P2_SU_147725_left,PTEN#15,7772,3.370031027,4.457853439,1.322792996
P2_SU_147725_left,PTEN#16,39011,6.53510584,22.37587758,3.423950296
P2_SU_147725_left,PTEN#17,24087,4.565743959,13.81578947,3.025966764
P2_SU_147725_left,Hom#25,5788,2.496739333,3.319873354,1.329683604
P2_SU_147725_left,Hom#26,8874,3.858523505,5.089937136,1.31914115
P2_SU_147725_left,Hom#27,4759,2.550206171,2.7296609,1.070368714
P2_SU_147725_left,V654A#29,464,5.435795238,0.266140504,0.04896073
P2_SU_147725_left,V654A#30,437,4.241702514,0.25065388,0.059092753
P2_SU_147725_left,V654A#39,220,2.170267577,0.126187308,0.058143664
P2_SU_147725_left,D816E#24,2433,2.708176376,1.395516909,0.515297645
P2_SU_147725_left,D816E#34,351,0.918657496,0.201326114,0.219152529
P2_SU_147725_left,D816E#36,7151,14.18410415,4.101661084,0.28917308
P2_SU_147725_left,D816A#10,8470,5.200055087,4.858211352,0.934261517
P2_SU_147725_left,D816A#11,3302,2.555876897,1.893956775,0.741020343
P2_SU_147725_left,D816A#13,2816,7.307134583,1.61519754,0.221043902
P2_SU_147725_left,A829P#21,429,1.62587795,0.24606525,0.151343002
P2_SU_147725_left,A829P#22,806,2.423830008,0.46230441,0.190733017
P2_SU_147725_left,A829P#28,367,2.228595037,0.210503373,0.094455641
P2_SU_147725_right,TSC2#18,17450,8.913570046,7.23586001,0.811780238
P2_SU_147725_right,TSC2#19,6,0.003240414,0.002487975,0.76779524
P2_SU_147725_right,TSC2#20,71754,16.7067668,29.7536905,1.780936483
P2_SU_147725_right,PTEN#15,7931,3.370031027,3.288688008,0.975862828
P2_SU_147725_right,PTEN#16,42493,6.53510584,17.62025211,2.696245867
P2_SU_147725_right,PTEN#17,29705,4.565743959,12.31754852,2.697818499
P2_SU_147725_right,Hom#25,9419,2.496739333,3.905705756,1.564322596
P2_SU_147725_right,Hom#26,11244,3.858523505,4.662464754,1.208354633
P2_SU_147725_right,Hom#27,7537,2.550206171,3.125310997,1.225513071
P2_SU_147725_right,V654A#29,846,5.435795238,0.350804445,0.064535993
P2_SU_147725_right,V654A#30,866,4.241702514,0.359097694,0.084658859
P2_SU_147725_right,V654A#39,390,2.170267577,0.161718361,0.074515402
P2_SU_147725_right,D816E#24,4195,2.708176376,1.73950904,0.642317485
P2_SU_147725_right,D816E#34,616,0.918657496,0.255432078,0.278049305
P2_SU_147725_right,D816E#36,13059,14.18410415,5.415077127,0.381770824
P2_SU_147725_right,D816A#10,11943,5.200055087,4.952313817,0.952357953
P2_SU_147725_right,D816A#11,5597,2.555876897,2.320865815,0.908050704
P2_SU_147725_right,D816A#13,3450,7.307134583,1.430585503,0.195779274
P2_SU_147725_right,A829P#21,684,1.62587795,0.283629126,0.174446751
P2_SU_147725_right,A829P#22,1378,2.423830008,0.571404876,0.235744617
P2_SU_147725_right,A829P#28,597,2.228595037,0.247553491,0.111080518
P2_t0_145327_left,TSC2#18,6782,8.913570046,3.837969984,0.430576073
P2_t0_145327_left,TSC2#19,71,0.003240414,0.040179279,12.39942589
P2_t0_145327_left,TSC2#20,19880,16.7067668,11.25019807,0.673391698
P2_t0_145327_left,PTEN#15,10451,3.370031027,5.91427666,1.75496208
P2_t0_145327_left,PTEN#16,23263,6.53510584,13.16465582,2.014451814
P2_t0_145327_left,PTEN#17,24911,4.565743959,14.09726781,3.087616813
P2_t0_145327_left,Hom#25,7758,2.496739333,4.390293592,1.758410874
P2_t0_145327_left,Hom#26,10070,3.858523505,5.698666727,1.476903463
P2_t0_145327_left,Hom#27,6843,2.550206171,3.87249021,1.518500839
P2_t0_145327_left,V654A#29,4683,5.435795238,2.650134685,0.487533943
P2_t0_145327_left,V654A#30,4236,4.241702514,2.397175001,0.565144536
P2_t0_145327_left,V654A#39,1745,2.170267577,0.98750481,0.455015234
P2_t0_145327_left,D816E#24,4837,2.708176376,2.737284107,1.010748093
P2_t0_145327_left,D816E#34,1279,0.918657496,0.723792924,0.787881149
P2_t0_145327_left,D816E#36,25340,14.18410415,14.3400412,1.010993789
P2_t0_145327_left,D816A#10,11016,5.200055087,6.234013174,1.198835987
P2_t0_145327_left,D816A#11,5078,2.555876897,2.873667293,1.124337129
P2_t0_145327_left,D816A#13,4779,7.307134583,2.704461598,0.370112466
P2_t0_145327_left,A829P#21,1090,1.62587795,0.616836816,0.379386913
P2_t0_145327_left,A829P#22,1494,2.423830008,0.845462571,0.348812651
P2_t0_145327_left,A829P#28,1102,2.228595037,0.62362768,0.279829969
P2_t0_145327_right,TSC2#18,17595,8.913570046,5.115063491,0.57385127
P2_t0_145327_right,TSC2#19,109,0.003240414,0.03168752,9.778847999
P2_t0_145327_right,TSC2#20,43873,16.7067668,12.7543723,0.76342553
P2_t0_145327_right,PTEN#15,21290,3.370031027,6.18924136,1.836553228
P2_t0_145327_right,PTEN#16,44473,6.53510584,12.92879901,1.978361075
P2_t0_145327_right,PTEN#17,50419,4.565743959,14.65736778,3.210291229
P2_t0_145327_right,Hom#25,16780,2.496739333,4.878133867,1.953801826
P2_t0_145327_right,Hom#26,17327,3.858523505,5.037152891,1.305461243
P2_t0_145327_right,Hom#27,14765,2.550206171,4.292350807,1.683138742
P2_t0_145327_right,V654A#29,8752,5.435795238,2.544304386,0.468064795
P2_t0_145327_right,V654A#30,7662,4.241702514,2.227429183,0.525126214
P2_t0_145327_right,V654A#39,3328,2.170267577,0.96748686,0.44579151
P2_t0_145327_right,D816E#24,9452,2.708176376,2.747802223,1.01463193
P2_t0_145327_right,D816E#34,2009,0.918657496,0.584038793,0.635752492
P2_t0_145327_right,D816E#36,47785,14.18410415,13.89163449,0.979380464
P2_t0_145327_right,D816A#10,16228,5.200055087,4.717661287,0.907232944
P2_t0_145327_right,D816A#11,7256,2.555876897,2.109400437,0.825313786
P2_t0_145327_right,D816A#13,7929,7.307134583,2.305049072,0.315451843
P2_t0_145327_right,A829P#21,1954,1.62587795,0.568049677,0.34938027
P2_t0_145327_right,A829P#22,2820,2.423830008,0.819805572,0.338227338
P2_t0_145327_right,A829P#28,2178,2.228595037,0.633168985,0.284111278
P2_t0_147726_left,TSC2#18,495,8.913570046,3.917378917,0.439484841
P2_t0_147726_left,TSC2#19,332,0.003240414,2.627413739,810.8264482
P2_t0_147726_left,TSC2#20,1240,16.7067668,9.813232035,0.58738068
P2_t0_147726_left,PTEN#15,749,3.370031027,5.927508705,1.758888467
P2_t0_147726_left,PTEN#16,1619,6.53510584,12.81259892,1.960580171
P2_t0_147726_left,PTEN#17,1404,4.565743959,11.11111111,2.433581736
P2_t0_147726_left,Hom#25,662,2.496739333,5.238999683,2.098336664
P2_t0_147726_left,Hom#26,1033,3.858523505,8.175055397,2.118700427
P2_t0_147726_left,Hom#27,809,2.550206171,6.402342513,2.510519575
P2_t0_147726_left,V654A#29,178,5.435795238,1.408673631,0.259147663
P2_t0_147726_left,V654A#30,343,4.241702514,2.714466603,0.639947425
P2_t0_147726_left,V654A#39,88,2.170267577,0.696422919,0.320892652
P2_t0_147726_left,D816E#24,522,2.708176376,4.131054131,1.525400697
P2_t0_147726_left,D816E#34,360,0.918657496,2.849002849,3.101267731
P2_t0_147726_left,D816E#36,850,14.18410415,6.726812282,0.474250063
P2_t0_147726_left,D816A#10,502,5.200055087,3.972776195,0.763987329
P2_t0_147726_left,D816A#11,186,2.555876897,1.471984805,0.575921637
P2_t0_147726_left,D816A#13,255,7.307134583,2.018043685,0.276174424
P2_t0_147726_left,A829P#21,184,1.62587795,1.456157012,0.895612744
P2_t0_147726_left,A829P#22,469,2.423830008,3.711617601,1.531302768
P2_t0_147726_left,A829P#28,356,2.228595037,2.817347262,1.264180892
P2_t0_147726_right,TSC2#18,1822,8.913570046,3.456846339,0.387818385
P2_t0_147726_right,TSC2#19,281,0.003240414,0.533136016,164.5271074
P2_t0_147726_right,TSC2#20,4693,16.7067668,8.903940653,0.532954147
P2_t0_147726_right,PTEN#15,3937,3.370031027,7.469596069,2.216476943
P2_t0_147726_right,PTEN#16,7381,6.53510584,14.00383251,2.142862388
P2_t0_147726_right,PTEN#17,6824,4.565743959,12.94704688,2.835692715
P2_t0_147726_right,Hom#25,3268,2.496739333,6.200314949,2.48336495
P2_t0_147726_right,Hom#26,3147,3.858523505,5.970743924,1.547416756
P2_t0_147726_right,Hom#27,4017,2.550206171,7.621378565,2.98853428
P2_t0_147726_right,V654A#29,954,5.435795238,1.810006261,0.33297911
P2_t0_147726_right,V654A#30,1032,4.241702514,1.957994194,0.461605732
P2_t0_147726_right,V654A#39,430,2.170267577,0.815830914,0.375912594
P2_t0_147726_right,D816E#24,1426,2.708176376,2.705522986,0.99902023
P2_t0_147726_right,D816E#34,788,0.918657496,1.495057582,1.627437417
P2_t0_147726_right,D816E#36,6302,14.18410415,11.9566661,0.842962373
P2_t0_147726_right,D816A#10,1805,5.200055087,3.424592559,0.658568515
P2_t0_147726_right,D816A#11,1149,2.555876897,2.179976094,0.852926875
P2_t0_147726_right,D816A#13,1071,7.307134583,2.031988161,0.278082761
P2_t0_147726_right,A829P#21,587,1.62587795,1.113704062,0.684986264
P2_t0_147726_right,A829P#22,885,2.423830008,1.679093859,0.692744067
P2_t0_147726_right,A829P#28,908,2.228595037,1.722731326,0.773012278
