Sample,CellID,Counts Pre-Pool ,Pre-Percentage,Counts Post-Sample,Post-Percentage,post/pre
DMSO,T1parental#4,899,0.71349772617243,1524,10.122.613.812.984.000,14.187.310.543.072.000
DMSO,T1parental#6,9520,7.555.615.520.758.100,16562,11.000.704.066.315.000,14.559.639.828.273.400
DMSO,T1parental#9,12233,9.708.807.212.755.650,23128,15.361.929.938.759.500,1.582.267.481.691.940
DMSO,TSC2#18,8408,6.673.068.833.879.630,8261,5.487.067.763.061.750,0.822270517457206
DMSO,TSC2#19,1,0.000793657092516607,3,0.00199264051436694,25.107.071.216.971.900
DMSO,TSC2#20,13886,11.020.722.386.685.600,16477,10.944.245.918.408.000,0.993060666479542
DMSO,PTEN#15,8003,6.351.637.711.410.400,8977,5.962.644.632.490.660,0.938757042420582
DMSO,PTEN#16,6551,5.199.247.613.076.290,8507,5.650.464.285.239.840,1.086.784.993.857.320
DMSO,PTEN#17,4211,3.342.090.016.587.430,6170,40.981.973.245.480.000,12.262.378.643.926.000
DMSO,Hom#25,110,0.0873022801768268,94,0.0624360694501641,0.715171119513747
DMSO,Hom#26,2416,19.174.755.355.201.200,2095,13.915.272.925.329.100,0.725707977366947
DMSO,Hom#27,25,0.0198414273129152,36,0.0239116861724033,1.205.139.418.414.650
DMSO,V654A#29,6680,53.016.293.780.109.300,7453,4.950.383.251.192.260,0.933747513872715
DMSO,V654A#30,4274,33.920.904.134.159.700,4730,31.417.298.776.518.700,0.9261928471087
DMSO,V654A#39,2005,15.912.824.704.957.900,2172,14.426.717.324.016.600,0.90660945441834
DMSO,D816E#24,3019,23.960.507.623.076.300,3681,2.444.969.911.128.230,10.204.165.744.691.800
DMSO,D816E#34,2180,17.301.724.616.862.000,2435,1.617.359.884.161.160,0.934796917634966
DMSO,D816E#36,18389,1.459.456.027.428.780,18881,1.254.101.518.392.070,0.859293801815665
DMSO,D816A#10,4592,36.444.733.688.362.600,3138,20.843.019.780.278.100,0.571907589132245
DMSO,D816A#11,4485,3.559.552.059.936.980,3315,22.018.677.683.754.600,0.618580015490614
DMSO,D816A#13,4501,35.722.505.734.172.400,3298,2.190.576.138.794.050,0.613220179764301
DMSO,A829P#21,948,0.752386923705744,797,0.529378163316817,0.70359830379489
DMSO,A829P#22,6631,5.262.740.180.477.620,6989,4.642.188.184.970.170,0.882085762506496
DMSO,A829P#28,2032,1.612.711.211.993.740,1831,1.216.174.927.268.620,0.754118231599011
IM30,T1parental#4,899,0.71349772617243,686,0.537731338135812,0.7536552933679
IM30,T1parental#6,9520,7.555.615.520.758.100,7701,6.036.543.782.775.350,0.798947983283521
IM30,T1parental#9,12233,9.708.807.212.755.650,10610,831.680.684.784.398,0.856624986529464
IM30,TSC2#18,8408,6.673.068.833.879.630,8654,6.783.567.055.724.950,10.165.588.314.156.600
IM30,TSC2#19,1,0.000793657092516607,5,0.00391932462198114,49.383.098.304.500.100
IM30,TSC2#20,13886,11.020.722.386.685.600,17123,13.422.119.100.436.600,12.178.983.037.130.200
IM30,PTEN#15,8003,6.351.637.711.410.400,7734,60.624.113.252.804.200,0.954464281611906
IM30,PTEN#16,6551,5.199.247.613.076.290,6414,50.277.096.250.774.000,0.967007151656431
IM30,PTEN#17,4211,3.342.090.016.587.430,4533,35.532.597.022.881.000,10.631.849.186.145.700
IM30,Hom#25,110,0.0873022801768268,98,0.0768187625908304,0.87991702433473
IM30,Hom#26,2416,19.174.755.355.201.200,1876,14.705.305.981.673.200,0.766909705457304
IM30,Hom#27,25,0.0198414273129152,19,0.0148934335635283,0.750623094228403
IM30,V654A#29,6680,53.016.293.780.109.300,7473,5.857.822.580.013.010,1.104.909.861.166.250
IM30,V654A#30,4274,33.920.904.134.159.700,5189,4.067.475.092.692.020,11.991.057.421.715.000
IM30,V654A#39,2005,15.912.824.704.957.900,2409,18.883.306.028.705.100,11.866.721.577.610.000
IM30,D816E#24,3019,23.960.507.623.076.300,3488,2.734.120.856.294.040,1.141.094.712.726.700
IM30,D816E#34,2180,17.301.724.616.862.000,2622,205.529.383.176.691,11.879.126.949.944.900
IM30,D816E#36,18389,1.459.456.027.428.780,20212,15.843.477.851.896.500,10.855.741.834.037.200
IM30,D816A#10,4592,36.444.733.688.362.600,3894,30.523.700.155.989.100,0.837533905913431
IM30,D816A#11,4485,3.559.552.059.936.980,4158,3.259.310.355.639.510,0.915651829431936
IM30,D816A#13,4501,35.722.505.734.172.400,3416,2.677.682.581.737.510,0.749578599458665
IM30,A829P#21,948,0.752386923705744,873,0.684314078997907,0.90952415231706
IM30,A829P#22,6631,5.262.740.180.477.620,6560,5.142.153.904.039.250,0.977086788953464
IM30,A829P#28,2032,1.612.711.211.993.740,1826,14.313.373.519.475.100,0.887534817952926
IM100,T1parental#4,899,0.71349772617243,541,0.405125094541669,0.567801521547896
IM100,T1parental#6,9520,7.555.615.520.758.100,5884,4.406.203.431.207.360,0.583169355177202
IM100,T1parental#9,12233,9.708.807.212.755.650,8370,626.783.186.934.154,0.645582071205072
IM100,TSC2#18,8408,6.673.068.833.879.630,9797,7.336.433.551.247.200,10.994.092.424.162.600
IM100,TSC2#19,1,0.000793657092516607,3,0.0022465347201941,2.830.611.282.097.360
IM100,TSC2#20,13886,11.020.722.386.685.600,18988,14.219.067.089.015.100,1.290.211.892.660.820
IM100,PTEN#15,8003,6.351.637.711.410.400,6889,5.158.792.562.472.380,0.812198805546618
IM100,PTEN#16,6551,5.199.247.613.076.290,6215,4.654.071.095.335.440,0.895143190262816
IM100,PTEN#17,4211,3.342.090.016.587.430,4041,30.260.822.681.014.500,0.905446069101199
IM100,Hom#25,110,0.0873022801768268,78,0.0584099027250466,0.669053575768468
IM100,Hom#26,2416,19.174.755.355.201.200,1823,13.651.442.649.712.800,0.711948726167701
IM100,Hom#27,25,0.0198414273129152,35,0.0262095717355978,1.320.951.931.645.430
IM100,V654A#29,6680,53.016.293.780.109.300,8898,6.663.221.980.095.700,12.568.253.087.875.400
IM100,V654A#30,4274,33.920.904.134.159.700,5756,4.310.351.283.145.740,12.707.064.841.485.200
IM100,V654A#39,2005,15.912.824.704.957.900,2461,1.842.907.315.465.890,11.581.270.765.156.400
IM100,D816E#24,3019,23.960.507.623.076.300,4425,33.136.387.122.862.900,13.829.584.766.789.000
IM100,D816E#34,2180,17.301.724.616.862.000,3136,23.483.776.275.095.600,1.357.308.406.828.330
IM100,D816E#36,18389,1.459.456.027.428.780,22178,16.607.882.341.488.200,11.379.501.697.455.900
IM100,D816A#10,4592,36.444.733.688.362.600,4560,34.147.327.746.950.300,0.936961922645469
IM100,D816A#11,4485,3.559.552.059.936.980,4354,32.604.707.239.083.700,0.915977816592488
IM100,D816A#13,4501,35.722.505.734.172.400,4325,32.387.542.216.131.600,0.906642508707036
IM100,A829P#21,948,0.752386923705744,872,0.652992758669752,0.867894879742933
IM100,A829P#22,6631,5.262.740.180.477.620,7894,591.138.169.373.741,1.123.251.669.475.520
IM100,A829P#28,2032,1.612.711.211.993.740,2016,15.096.713.319.704.300,0.936107668095191
IM300,T1parental#4,899,0.71349772617243,917,0.409997317356702,0.574630166736675
IM300,T1parental#6,9520,7.555.615.520.758.100,9812,4.387.016.006.438.340,0.580629863230278
IM300,T1parental#9,12233,9.708.807.212.755.650,13397,5.989.895.376.911.380,0.616954816966776
IM300,TSC2#18,8408,6.673.068.833.879.630,18835,8.421.264.419.207.720,12.619.777.539.911.400
IM300,TSC2#19,1,0.000793657092516607,5,0.00223553608155236,28.167.531.073.951.500
IM300,TSC2#20,13886,11.020.722.386.685.600,37391,16.717.785.925.064.800,15.169.410.260.494.300
IM300,PTEN#15,8003,6.351.637.711.410.400,10662,4.767.057.140.302.240,0.750524094240838
IM300,PTEN#16,6551,5.199.247.613.076.290,9638,4.309.219.350.800.320,0.828815950208349
IM300,PTEN#17,4211,3.342.090.016.587.430,5701,25.489.582.401.859.900,0.762683897661352
IM300,Hom#25,110,0.0873022801768268,134,0.0599123669856031,0.686263484347183
IM300,Hom#26,2416,19.174.755.355.201.200,4062,1.816.149.512.653.130,0.947156549854231
IM300,Hom#27,25,0.0198414273129152,34,0.015201645354556,0.766156845211482
IM300,V654A#29,6680,53.016.293.780.109.300,16468,7.362.961.638.200.840,13.888.110.830.114.700
IM300,V654A#30,4274,33.920.904.134.159.700,9280,4.149.154.967.361.170,1.223.185.252.064.900
IM300,V654A#39,2005,15.912.824.704.957.900,3889,17.387.999.642.314.200,10.927.035.246.543.300
IM300,D816E#24,3019,23.960.507.623.076.300,6233,2.786.819.279.263.160,11.630.885.802.182.100
IM300,D816E#34,2180,17.301.724.616.862.000,4521,20.213.717.249.396.400,11.683.064.952.783.000
IM300,D816E#36,18389,1.459.456.027.428.780,33128,14.811.767.861.933.200,10.148.827.771.144.300
IM300,D816A#10,4592,36.444.733.688.362.600,7520,3.362.246.266.654.740,0.922560251202594
IM300,D816A#11,4485,3.559.552.059.936.980,5411,241.929.714.745.596,0.679663369637243
IM300,D816A#13,4501,35.722.505.734.172.400,6925,3.096.217.472.950.010,0.866741402742121
IM300,A829P#21,948,0.752386923705744,1398,0.625055888402039,0.830763891168444
IM300,A829P#22,6631,5.262.740.180.477.620,15086,6.745.059.465.259.760,12.816.630.184.938.400
IM300,A829P#28,2032,1.612.711.211.993.740,3213,1.436.555.486.005.540,0.89077044626581
IM1000,T1parental#4,899,0.71349772617243,1022,0.49385102321873,0.692155006390842
IM1000,T1parental#6,9520,7.555.615.520.758.100,8951,4.325.303.824.687.710,0.572462139292886
IM1000,T1parental#9,12233,9.708.807.212.755.650,15540,75.092.415.859.286.200,0.773446358689955
IM1000,TSC2#18,8408,6.673.068.833.879.630,28993,14.010.002.657.710.900,20.994.842.113.093.700
IM1000,TSC2#19,1,0.000793657092516607,6,0.00289932107564812,3.653.115.562.105.870
IM1000,TSC2#20,13886,11.020.722.386.685.600,31590,15.264.925.463.287.300,13.851.111.504.023.700
IM1000,PTEN#15,8003,6.351.637.711.410.400,9919,4.793.060.958.225.610,0.754618127796413
IM1000,PTEN#16,6551,5.199.247.613.076.290,9924,4.795.477.059.121.980,0.922340580021846
IM1000,PTEN#17,4211,3.342.090.016.587.430,6460,31.216.023.581.144.700,0.934027013821101
IM1000,Hom#25,110,0.0873022801768268,138,0.0666843847399067,0.763833253894864
IM1000,Hom#26,2416,19.174.755.355.201.200,6898,33.332.527.966.367.800,17.383.547.976.963.500
IM1000,Hom#27,25,0.0198414273129152,64,0.0309260914735799,15.586.626.398.318.300
IM1000,V654A#29,6680,53.016.293.780.109.300,13456,6.502.210.732.320.180,12.264.551.647.628.900
IM1000,V654A#30,4274,33.920.904.134.159.700,8480,4.097.707.120.249.340,12.080.182.485.828.100
IM1000,V654A#39,2005,15.912.824.704.957.900,5123,2.475.536.978.424.210,1.555.686.701.967.440
IM1000,D816E#24,3019,23.960.507.623.076.300,4113,19.874.845.973.567.800,0.829483510375481
IM1000,D816E#34,2180,17.301.724.616.862.000,2003,0.967890019087197,0.559418231720035
IM1000,D816E#36,18389,1.459.456.027.428.780,23587,1.139.771.436.855.200,0.780956339509048
IM1000,D816A#10,4592,36.444.733.688.362.600,3882,1.875.860.735.944.330,0.514713799800196
IM1000,D816A#11,4485,3.559.552.059.936.980,3441,16.627.606.368.841.900,0.467126371207964
IM1000,D816A#13,4501,35.722.505.734.172.400,6304,3.046.220.010.147.620,0.852745334500312
IM1000,A829P#21,948,0.752386923705744,3171,1.532.291.188.480.030,20.365.733.908.997.400
IM1000,A829P#22,6631,5.262.740.180.477.620,10657,5.149.677.450.530.330,0.978516376246979
IM1000,A829P#28,2032,1.612.711.211.993.740,3223,15.574.186.378.023.100,0.965714522364438
SU30,T1parental#4,899,0.71349772617243,1005,0.595146447479066,0.834125219531867
SU30,T1parental#6,9520,7.555.615.520.758.100,11057,65.477.952.933.094.800,0.866613087354729
SU30,T1parental#9,12233,9.708.807.212.755.650,15670,9.279.547.096.514.390,0.955786523840201
SU30,TSC2#18,8408,6.673.068.833.879.630,11326,6.707.093.198.157.110,10.050.987.581.762.500
SU30,TSC2#19,1,0.000793657092516607,3,0.001776556559639,2.238.443.499.579.540
SU30,TSC2#20,13886,11.020.722.386.685.600,23394,1.385.358.805.206.490,12.570.489.996.918.700
SU30,PTEN#15,8003,6.351.637.711.410.400,10401,6.159.321.592.268.420,0.969721805953054
SU30,PTEN#16,6551,5.199.247.613.076.290,8376,4.960.145.914.512.090,0.954012250164265
SU30,PTEN#17,4211,3.342.090.016.587.430,5514,32.653.109.566.164.800,0.977026633157732
SU30,Hom#25,110,0.0873022801768268,104,0.0615872940674855,0.705448860473555
SU30,Hom#26,2416,19.174.755.355.201.200,2433,1.440.787.369.867.230,0.751398045595618
SU30,Hom#27,25,0.0198414273129152,33,0.019542122156029,0.984915139815001
SU30,V654A#29,6680,53.016.293.780.109.300,8552,506.437.056.601.092,0.955247944531152
SU30,V654A#30,4274,33.920.904.134.159.700,5390,319.187.995.215.141,0.940977262730757
SU30,V654A#39,2005,15.912.824.704.957.900,2241,13.270.877.500.503.300,0.833973712810934
SU30,D816E#24,3019,23.960.507.623.076.300,5036,29.822.462.781.140.000,12.446.507.081.685.500
SU30,D816E#34,2180,17.301.724.616.862.000,3559,2.107.588.265.251.730,1.218.137.678.135.100
SU30,D816E#36,18389,1.459.456.027.428.780,26077,15.442.421.801.902.100,10.580.943.523.942.900
SU30,D816A#10,4592,36.444.733.688.362.600,5317,3.148.650.409.200.190,0.863952096926863
SU30,D816A#11,4485,3.559.552.059.936.980,5157,30.539.007.260.194.400,0.857945234287011
SU30,D816A#13,4501,35.722.505.734.172.400,5179,30.669.288.074.568,0.858542463476448
SU30,A829P#21,948,0.752386923705744,1070,0.633638506271245,0.842171077549267
SU30,A829P#22,6631,5.262.740.180.477.620,9403,5.568.320.443.428.510,1.058.064.858.319.330
SU30,A829P#28,2032,1.612.711.211.993.740,2569,15.213.246.005.708.600,0.943333554858901
SU100,T1parental#4,899,0.71349772617243,714,0.447865113565797,0.627703631192178
SU100,T1parental#6,9520,7.555.615.520.758.100,7876,4.940.316.014.627.750,0.653860165469624
SU100,T1parental#9,12233,9.708.807.212.755.650,11592,727.122.184.377.411,0.748930500362703
SU100,TSC2#18,8408,6.673.068.833.879.630,12232,7.672.669.564.617.400,11.497.962.565.083.500
SU100,TSC2#19,1,0.000793657092516607,2,0.00125452412763528,15.806.878.555.791.800
SU100,TSC2#20,13886,11.020.722.386.685.600,23828,14.946.400.456.646.700,13.562.087.794.447.900
SU100,PTEN#15,8003,6.351.637.711.410.400,9528,5.976.552.944.054.490,0.940946762961293
SU100,PTEN#16,6551,5.199.247.613.076.290,8348,52.363.837.087.496.700,10.071.425.903.201.800
SU100,PTEN#17,4211,3.342.090.016.587.430,5452,3.419.832.771.933.780,10.232.617.179.550.800
SU100,Hom#25,110,0.0873022801768268,90,0.0564535857435878,0.646645031827847
SU100,Hom#26,2416,19.174.755.355.201.200,2589,16.239.814.832.238.700,0.846937263678498
SU100,Hom#27,25,0.0198414273129152,30,0.0188178619145293,0.948412713347509
SU100,V654A#29,6680,53.016.293.780.109.300,6193,3.884.633.961.222.650,0.732724542634871
SU100,V654A#30,4274,33.920.904.134.159.700,3758,23.572.508.358.267.000,0.694925709085935
SU100,V654A#39,2005,15.912.824.704.957.900,1631,10.230.644.260.865.700,0.642918177668241
SU100,D816E#24,3019,23.960.507.623.076.300,5310,33.307.615.588.716.800,13.901.047.554.033.500
SU100,D816E#34,2180,17.301.724.616.862.000,3661,22.964.064.156.363.800,13.272.702.383.659.100
SU100,D816E#36,18389,1.459.456.027.428.780,27128,17.016.365.267.245,1.165.938.880.476.150
SU100,D816A#10,4592,36.444.733.688.362.600,6143,38.532.708.580.317.700,10.572.915.392.882.000
SU100,D816A#11,4485,3.559.552.059.936.980,5387,3.379.060.737.785.630,0.949293810256974
SU100,D816A#13,4501,35.722.505.734.172.400,5130,3.217.854.387.384.500,0.900791901701978
SU100,A829P#21,948,0.752386923705744,988,0.619734919051831,0.823691772844004
SU100,A829P#22,6631,5.262.740.180.477.620,9378,588.246.363.448.185,1.117.756.802.112.920
SU100,A829P#28,2032,1.612.711.211.993.740,2435,1.527.383.125.395.950,0.947090287484082
SU300,T1parental#4,899,0.71349772617243,479,0.362425755684183,0.507956427035054
SU300,T1parental#6,9520,7.555.615.520.758.100,6167,4.666.137.025.687.580,0.617572057877742
SU300,T1parental#9,12233,9.708.807.212.755.650,8838,668.709.567.585.972,0.688765934817828
SU300,TSC2#18,8408,6.673.068.833.879.630,10633,8.045.246.472.212.760,12.056.291.748.957.300
SU300,TSC2#19,1,0.000793657092516607,10,0.00756629970113116,9.533.461.960.428.250
SU300,TSC2#20,13886,11.020.722.386.685.600,20274,15.339.916.014.073.300,13.919.156.545.133.400
SU300,PTEN#15,8003,6.351.637.711.410.400,7610,5.757.954.072.560.810,0.906530620003236
SU300,PTEN#16,6551,5.199.247.613.076.290,6708,5.075.473.839.518.780,0.976193906740234
SU300,PTEN#17,4211,3.342.090.016.587.430,4089,3.093.859.947.792.530,0.925726097273596
SU300,Hom#25,110,0.0873022801768268,91,0.0688533272802936,0.788677307635428
SU300,Hom#26,2416,19.174.755.355.201.200,2248,1.700.904.172.814.280,0.887053910887529
SU300,Hom#27,25,0.0198414273129152,17,0.012862709491923,0.648275413309121
SU300,V654A#29,6680,53.016.293.780.109.300,3933,2.975.825.672.454.880,0.561303980394675
SU300,V654A#30,4274,33.920.904.134.159.700,2447,18.514.735.368.667.900,0.545820809947776
SU300,V654A#39,2005,15.912.824.704.957.900,965,0.730147921159157,0.458842433506896
SU300,D816E#24,3019,23.960.507.623.076.300,4662,3.527.408.920.667.340,14.721.762.060.124.700
SU300,D816E#34,2180,17.301.724.616.862.000,3143,2.378.087.996.065.520,1.374.480.318.423.210
SU300,D816E#36,18389,1.459.456.027.428.780,24691,1.868.195.059.206.290,12.800.625.877.695.000
SU300,D816A#10,4592,36.444.733.688.362.600,5256,3.976.847.122.914.530,10.911.993.916.378.600
SU300,D816A#11,4485,3.559.552.059.936.980,4472,33.836.492.263.458.500,0.950582873735455
SU300,D816A#13,4501,35.722.505.734.172.400,4803,3.634.093.746.453.290,10.173.121.038.866.200
SU300,A829P#21,948,0.752386923705744,812,0.61438353573185,0.816579231209677
SU300,A829P#22,6631,5.262.740.180.477.620,7842,5.933.492.225.627.050,11.274.530.039.764.400
SU300,A829P#28,2032,1.612.711.211.993.740,1975,14.943.441.909.734.000,0.92660370924438
SU1000,T1parental#4,899,0.71349772617243,876,0.390452630875175,0.547237386403128
SU1000,T1parental#6,9520,7.555.615.520.758.100,11146,49.680.194.334.871.000,0.657526765336074
SU1000,T1parental#9,12233,9.708.807.212.755.650,15128,6.742.885.159.679.970,0.694512210606161
SU1000,TSC2#18,8408,6.673.068.833.879.630,18734,8.350.159.345.679.830,1.251.322.225.733.000
SU1000,TSC2#19,1,0.000793657092516607,1,0.000445722181364356,0.561605491297274
SU1000,TSC2#20,13886,11.020.722.386.685.600,35055,15.624.791.067.727.400,141.776.469.087.037
SU1000,PTEN#15,8003,6.351.637.711.410.400,12213,5.443.605.001.002.870,0.857039593304212
SU1000,PTEN#16,6551,5.199.247.613.076.290,11778,52.497.158.521.093.800,10.097.068.350.632.400
SU1000,PTEN#17,4211,3.342.090.016.587.430,6920,3.084.397.495.041.340,0.922894799282151
SU1000,Hom#25,110,0.0873022801768268,135,0.060172494484188,0.689243102955746
SU1000,Hom#26,2416,19.174.755.355.201.200,3392,15.118.896.391.878.900,0.788479232814716
SU1000,Hom#27,25,0.0198414273129152,37,0.0164917207104812,0.831176127119966
SU1000,V654A#29,6680,53.016.293.780.109.300,5840,26.030.175.391.678.300,0.490984441493425
SU1000,V654A#30,4274,33.920.904.134.159.700,3929,1.751.242.450.580.550,0.516272338630555
SU1000,V654A#39,2005,15.912.824.704.957.900,1602,0.714046934545698,0.448724188058969
SU1000,D816E#24,3019,23.960.507.623.076.300,7400,32.983.441.420.962.300,13.765.752.353.758.900
SU1000,D816E#34,2180,17.301.724.616.862.000,5199,23.173.096.209.132.800,13.393.518.115.846.400
SU1000,D816E#36,18389,1.459.456.027.428.780,39050,17.405.451.182.278.000,11.925.985.336.428.600
SU1000,D816A#10,4592,36.444.733.688.362.600,9724,4.334.202.491.586.990,1.189.253.440.194.830
SU1000,D816A#11,4485,3.559.552.059.936.980,9643,4.298.098.994.896.480,12.074.831.109.430.500
SU1000,D816A#13,4501,35.722.505.734.172.400,8768,390.809.208.620.267,10.940.139.852.687.100
SU1000,A829P#21,948,0.752386923705744,1419,0.632479775356021,0.840631004378515
SU1000,A829P#22,6631,5.262.740.180.477.620,12851,5.727.975.752.713.330,10.884.017.747.943.400
SU1000,A829P#28,2032,1.612.711.211.993.740,3515,156.671.346.749.571,0.971478002908425
Reg30,T1parental#4,899,0.71349772617243,1558,0.763216679076694,10.696.834.076.416.500
Reg30,T1parental#6,9520,7.555.615.520.758.100,17731,8.685.876.082.611.590,11.495.921.224.085.900
Reg30,T1parental#9,12233,9.708.807.212.755.650,24164,1.183.720.656.817.020,12.192.235.677.126.400
Reg30,TSC2#18,8408,6.673.068.833.879.630,12643,61.934.200.728.925.800,0.928121712374396
Reg30,TSC2#19,1,0.000793657092516607,3,0.00146960849629659,18.516.920.092.487.300
Reg30,TSC2#20,13886,11.020.722.386.685.600,24275,11.891.582.082.533.200,1.079.020.200.790.070
Reg30,PTEN#15,8003,6.351.637.711.410.400,13414,6.571.109.456.440.800,1.034.553.567.914.630
Reg30,PTEN#16,6551,5.199.247.613.076.290,11394,5.581.573.068.934.430,10.735.347.658.566.100
Reg30,PTEN#17,4211,3.342.090.016.587.430,9322,456.656.346.749.226,13.663.795.543.589.500
Reg30,Hom#25,110,0.0873022801768268,106,0.0519261668691461,0.594785918122321
Reg30,Hom#26,2416,19.174.755.355.201.200,2963,1.451.483.324.842.260,0.756976189763246
Reg30,Hom#27,25,0.0198414273129152,44,0.0215542579456833,10.863.259.787.592.500
Reg30,V654A#29,6680,53.016.293.780.109.300,10308,5.049.574.793.275.070,0.952457147272254
Reg30,V654A#30,4274,33.920.904.134.159.700,7347,35.990.712.074.303.400,10.610.186.548.081.700
Reg30,V654A#39,2005,15.912.824.704.957.900,3748,18.360.308.813.732.000,1.153.805.760.708.930
Reg30,D816E#24,3019,23.960.507.623.076.300,5256,25.747.540.855.116.100,10.745.824.445.855.500
Reg30,D816E#34,2180,17.301.724.616.862.000,3491,17.101.344.201.904.600,0.988418471603568
Reg30,D816E#36,18389,1.459.456.027.428.780,28268,13.847.630.991.103.900,0.948821391727723
Reg30,D816A#10,4592,36.444.733.688.362.600,4830,23.660.696.790.375.000,0.649221283730502
Reg30,D816A#11,4485,3.559.552.059.936.980,5911,2.895.618.607.203.040,0.813478369875086
Reg30,D816A#13,4501,35.722.505.734.172.400,5059,24.782.497.942.548.100,0.693750268443261
Reg30,A829P#21,948,0.752386923705744,1168,0.572167574558138,0.760469854712561
Reg30,A829P#22,6631,5.262.740.180.477.620,8203,40.183.994.983.736.300,0.763556504894555
Reg30,A829P#28,2032,1.612.711.211.993.740,2930,14.353.176.313.829.900,0.890002885022768
Reg100,T1parental#4,899,0.71349772617243,758,0.424978414684742,0.595626866205371
Reg100,T1parental#6,9520,7.555.615.520.758.100,9085,5.093.573.743.286.120,0.674144115630576
Reg100,T1parental#9,12233,9.708.807.212.755.650,12508,7.012.704.499.837.400,0.722303404132276
Reg100,TSC2#18,8408,6.673.068.833.879.630,11652,6.532.781.646.314.790,0.97897711067319
Reg100,TSC2#19,1,0.000793657092516607,4,0.00224263015664772,2.825.691.571.074.550
Reg100,TSC2#20,13886,11.020.722.386.685.600,24899,13.959.812.067.592.800,1.266.687.570.722.040
Reg100,PTEN#15,8003,6.351.637.711.410.400,10069,5.645.260.761.821.460,0.888788217829242
Reg100,PTEN#16,6551,5.199.247.613.076.290,8991,5.040.871.934.604.900,0.969538731320842
Reg100,PTEN#17,4211,3.342.090.016.587.430,6624,3.713.795.539.408.610,1.111.219.482.711.810
Reg100,Hom#25,110,0.0873022801768268,91,0.0510198360637355,0.584404393108601
Reg100,Hom#26,2416,19.174.755.355.201.200,2272,1.273.813.928.975.900,0.664318217040707
Reg100,Hom#27,25,0.0198414273129152,53,0.0297148495755822,14.976.165.326.695.100
Reg100,V654A#29,6680,53.016.293.780.109.300,11052,619.638.712.281.764,116.877.033.096.991
Reg100,V654A#30,4274,33.920.904.134.159.700,7772,4.357.430.394.366.510,12.845.855.691.618.700
Reg100,V654A#39,2005,15.912.824.704.957.900,3858,2.163.016.786.086.720,13.592.915.313.223.900
Reg100,D816E#24,3019,23.960.507.623.076.300,5127,28.744.912.032.832.100,11.996.787.582.725.400
Reg100,D816E#34,2180,17.301.724.616.862.000,3725,2.088.449.333.378.180,12.070.758.144.785.200
Reg100,D816E#36,18389,1.459.456.027.428.780,29012,16.265.796.526.165.800,11.145.109.013.542.700
Reg100,D816A#10,4592,36.444.733.688.362.600,5279,29.597.111.492.358.200,0.812109418755585
Reg100,D816A#11,4485,3.559.552.059.936.980,6623,37.132.348.818.694.500,10.431.747.645.053.900
Reg100,D816A#13,4501,35.722.505.734.172.400,5301,2.972.045.615.097.380,0.831981282951912
Reg100,A829P#21,948,0.752386923705744,1255,0.703625211648221,0.93519064390785
Reg100,A829P#22,6631,5.262.740.180.477.620,9455,53.010.170.327.760.300,10.072.731.791.777.200
Reg100,A829P#28,2032,1.612.711.211.993.740,2897,16.242.248.909.521.000,10.071.393.308.812.700
Reg300,T1parental#4,899,0.71349772617243,586,0.442491240787725,0.620171900422832
Reg300,T1parental#6,9520,7.555.615.520.758.100,6490,4.900.628.246.949.370,0.648607414377494
Reg300,T1parental#9,12233,9.708.807.212.755.650,8853,66.849.401.957.230.800,0.688543921949574
Reg300,TSC2#18,8408,6.673.068.833.879.630,11273,8.512.293.101.365.220,12.756.189.563.260.100
Reg300,TSC2#19,1,0.000793657092516607,2,0.00151020901292739,1.902.848.254.198.380
Reg300,TSC2#20,13886,11.020.722.386.685.600,22870,17.269.240.062.824.600,15.669.789.562.695.100
Reg300,PTEN#15,8003,6.351.637.711.410.400,6291,4.750.362.450.163.100,0.747895687064976
Reg300,PTEN#16,6551,5.199.247.613.076.290,6300,4.757.158.390.721.270,0.914970538959686
Reg300,PTEN#17,4211,3.342.090.016.587.430,3912,2.953.968.829.285.970,0.883868721256717
Reg300,Hom#25,110,0.0873022801768268,93,0.0702247191011236,0.804385852911134
Reg300,Hom#26,2416,19.174.755.355.201.200,2199,16.604.748.097.136.600,0.865969228266192
Reg300,Hom#27,25,0.0198414273129152,28,0.0211429261809834,10.655.950.223.510.900
Reg300,V654A#29,6680,53.016.293.780.109.300,9318,7.036.063.791.228.700,13.271.512.000.464.400
Reg300,V654A#30,4274,33.920.904.134.159.700,5802,4.381.116.346.502.350,12.915.682.698.711.900
Reg300,V654A#39,2005,15.912.824.704.957.900,2684,20.267.004.953.485.500,12.736.271.107.901.300
Reg300,D816E#24,3019,23.960.507.623.076.300,3588,2.709.314.969.191.730,11.307.418.907.028.400
Reg300,D816E#34,2180,17.301.724.616.862.000,2551,19.262.715.959.888.800,1.113.340.801.940.380
Reg300,D816E#36,18389,1.459.456.027.428.780,18170,13.720.248.882.445.300,0.940093337831981
Reg300,D816A#10,4592,36.444.733.688.362.600,3481,26.285.187.870.001.200,0.721234186940828
Reg300,D816A#11,4485,3.559.552.059.936.980,3131,23.642.322.097.378.200,0.664193744023983
Reg300,D816A#13,4501,35.722.505.734.172.400,3239,24.457.834.964.359.000,0.684661796861648
Reg300,A829P#21,948,0.752386923705744,982,0.741512625347348,0.985546933345364
Reg300,A829P#22,6631,5.262.740.180.477.620,8393,6.337.592.122.749.780,12.042.380.785.316.700
Reg300,A829P#28,2032,1.612.711.211.993.740,2196,16.582.094.961.942.700,1.028.212.294.837.510
Reg1000,T1parental#4,899,0.71349772617243,1161,0.62434124201424,0.875043071774774
Reg1000,T1parental#6,9520,7.555.615.520.758.100,11271,6.061.111.230.613.690,0.802199531455982
Reg1000,T1parental#9,12233,9.708.807.212.755.650,14760,7.937.361.526.382.580,0.817542397582506
Reg1000,TSC2#18,8408,6.673.068.833.879.630,21678,1.165.759.642.065.860,17.469.618.118.536.700
Reg1000,TSC2#19,1,0.000793657092516607,4,0.00215104648411452,2.710.297.059.519.450
Reg1000,TSC2#20,13886,11.020.722.386.685.600,40421,2.173.686.248.359.820,19.723.627.654.262.500
Reg1000,PTEN#15,8003,6.351.637.711.410.400,8632,46.419.583.127.191.300,0.730828571091214
Reg1000,PTEN#16,6551,5.199.247.613.076.290,8396,4.515.046.570.156.380,0.868403835739786
Reg1000,PTEN#17,4211,3.342.090.016.587.430,5549,298.403.923.508.787,0.892866206558624
Reg1000,Hom#25,110,0.0873022801768268,165,0.088730667469724,1.016.361.397.319.790
Reg1000,Hom#26,2416,19.174.755.355.201.200,4137,2.224.719.826.195.440,1.160.233.747.437.080
Reg1000,Hom#27,25,0.0198414273129152,43,0.0231237497042311,11.654.277.355.933.600
Reg1000,V654A#29,6680,53.016.293.780.109.300,9788,5.263.610.746.628.230,0.992828877940735
Reg1000,V654A#30,4274,33.920.904.134.159.700,6303,33.895.114.973.434.500,0.999239726611554
Reg1000,V654A#39,2005,15.912.824.704.957.900,3430,18.445.223.601.282.000,11.591.420.092.458.500
Reg1000,D816E#24,3019,23.960.507.623.076.300,3176,170.793.090.838.693,0.712810819893491
Reg1000,D816E#34,2180,17.301.724.616.862.000,2449,13.169.782.098.991.100,0.761183199399444
Reg1000,D816E#36,18389,1.459.456.027.428.780,17097,9.194.110.434.726.490,0.629968307501824
Reg1000,D816A#10,4592,36.444.733.688.362.600,3449,18.547.398.309.277.400,0.508918475516257
Reg1000,D816A#11,4485,3.559.552.059.936.980,3607,19.397.061.670.502.600,0.544929849146415
Reg1000,D816A#13,4501,35.722.505.734.172.400,3429,18.439.845.985.071.700,0.516196879420807
Reg1000,A829P#21,948,0.752386923705744,1426,0.766848071586827,10.192.203.604.627.400
Reg1000,A829P#22,6631,5.262.740.180.477.620,12456,6.698.358.751.532.620,1.272.789.178.607.080
Reg1000,A829P#28,2032,1.612.711.211.993.740,3129,16.826.561.121.985.800,10.433.710.013.824.200
Rip30,T1parental#4,899,0.71349772617243,624,0.532128085959152,0.745802076782728
Rip30,T1parental#6,9520,7.555.615.520.758.100,7213,6.151.025.455.165.650,0.81409984908132
Rip30,T1parental#9,12233,9.708.807.212.755.650,9941,8.477.380.292.499.890,0.873163933192752
Rip30,TSC2#18,8408,6.673.068.833.879.630,9643,8.223.255.020.679.650,12.323.048.398.556.300
Rip30,TSC2#19,1,0.000793657092516607,4,0.00341107747409713,4.297.923.506.587.640
Rip30,TSC2#20,13886,11.020.722.386.685.600,22005,18.765.189.954.376.800,17.027.186.872.112.300
Rip30,PTEN#15,8003,6.351.637.711.410.400,8205,6.996.972.668.741.730,11.016.013.486.052.600
Rip30,PTEN#16,6551,5.199.247.613.076.290,6997,5.966.827.271.564.400,11.476.328.337.503.300
Rip30,PTEN#17,4211,3.342.090.016.587.430,4767,40.651.515.797.552.500,12.163.501.161.186.900
Rip30,Hom#25,110,0.0873022801768268,100,0.0852769368524283,0.976800796951737
Rip30,Hom#26,2416,19.174.755.355.201.200,2257,19.247.004.647.593.000,10.037.679.381.589.700
Rip30,Hom#27,25,0.0198414273129152,23,0.0196136954760585,0.988522406515158
Rip30,V654A#29,6680,53.016.293.780.109.300,8601,73.346.693.386.773.500,13.834.745.538.982.100
Rip30,V654A#30,4274,33.920.904.134.159.700,5454,4.651.004.135.931.430,13.711.321.247.618.700
Rip30,V654A#39,2005,15.912.824.704.957.900,2484,2.118.279.111.414.310,1.331.177.305.531.630
Rip30,D816E#24,3019,23.960.507.623.076.300,2088,17.805.824.414.787.000,0.743132186299685
Rip30,D816E#34,2180,17.301.724.616.862.000,1481,12.629.514.347.844.600,0.729956962529392
Rip30,D816E#36,18389,1.459.456.027.428.780,11130,9.491.323.071.675.260,0.650332924959493
Rip30,D816A#10,4592,36.444.733.688.362.600,2259,19.264.060.034.963.500,0.528582818019463
Rip30,D816A#11,4485,3.559.552.059.936.980,1785,15.221.933.228.158.400,0.427636201742416
Rip30,D816A#13,4501,35.722.505.734.172.400,2137,18.223.681.405.363.900,0.510145663940113
Rip30,A829P#21,948,0.752386923705744,659,0.561975013857502,0.746922887880078
Rip30,A829P#22,6631,5.262.740.180.477.620,5826,49.682.343.410.224.700,0.944039449154713
Rip30,A829P#28,2032,1.612.711.211.993.740,1582,1.349.081.141.005.410,0.83652989510601
Rip100,T1parental#4,899,0.71349772617243,1335,0.738364536378972,10.348.519.824.161.700
Rip100,T1parental#6,9520,7.555.615.520.758.100,11913,6.588.866.458.339.090,0.872048933701962
Rip100,T1parental#9,12233,9.708.807.212.755.650,16505,9.128.619.230.662.860,0.940241064697368
Rip100,TSC2#18,8408,6.673.068.833.879.630,21629,11.962.611.653.438.700,17.926.702.018.573.100
Rip100,TSC2#19,1,0.000793657092516607,3,0.00165924614916623,20.906.335.554.879.500
Rip100,TSC2#20,13886,11.020.722.386.685.600,38130,2.108.901.855.590.270,19.135.786.036.476.900
Rip100,PTEN#15,8003,6.351.637.711.410.400,9599,5.309.034.595.282.210,0.83585286763834
Rip100,PTEN#16,6551,5.199.247.613.076.290,10097,5.584.469.456.043.800,10.740.918.439.811.600
Rip100,PTEN#17,4211,3.342.090.016.587.430,6600,36.503.415.281.657.000,109.223.315.651.235
Rip100,Hom#25,110,0.0873022801768268,157,0.086833881806366,0.994634752156392
Rip100,Hom#26,2416,19.174.755.355.201.200,3649,2.018.196.399.435.850,10.525.278.482.306.200
Rip100,Hom#27,25,0.0198414273129152,58,0.0320787588838804,16.167.566.162.440.100
Rip100,V654A#29,6680,53.016.293.780.109.300,10894,60.252.758.496.722.900,11.364.951.074.593.700
Rip100,V654A#30,4274,33.920.904.134.159.700,7152,39.556.428.196.122.800,11.661.372.008.149.900
Rip100,V654A#39,2005,15.912.824.704.957.900,3878,2.144.852.188.822.210,13.478.764.635.382.000
Rip100,D816E#24,3019,23.960.507.623.076.300,2850,15.762.838.417.079.100,0.65786746529101
Rip100,D816E#34,2180,17.301.724.616.862.000,2121,11.730.870.274.605.200,0.678017396206415
Rip100,D816E#36,18389,1.459.456.027.428.780,15306,8.465.473.853.046.090,0.580043090983716
Rip100,D816A#10,4592,36.444.733.688.362.600,2926,16.183.180.774.867.900,0.444047167781487
Rip100,D816A#11,4485,3.559.552.059.936.980,3095,17.117.889.438.898.200,0.480900100649218
Rip100,D816A#13,4501,35.722.505.734.172.400,3109,17.195.320.925.859.300,0.481358196253578
Rip100,A829P#21,948,0.752386923705744,805,0.445231050026271,0.591758091479538
Rip100,A829P#22,6631,5.262.740.180.477.620,7092,3.922.457.896.628.960,0.745326153698315
Rip100,A829P#28,2032,1.612.711.211.993.740,1902,10.519.620.585.713.800,0.652294130993782
Rip300,T1parental#4,899,0.71349772617243,806,0.578383110639092,0.810630629114738
Rip300,T1parental#6,9520,7.555.615.520.758.100,9631,6.911.175.854.299.120,0.914707191665793
Rip300,T1parental#9,12233,9.708.807.212.755.650,12867,9.233.319.459.793.040,0.951025111268261
Rip300,TSC2#18,8408,6.673.068.833.879.630,17236,12.368.500.365.974.400,185.349.509.706.519
Rip300,TSC2#19,1,0.000793657092516607,2,0.00143519382292579,18.083.298.649.482.600
Rip300,TSC2#20,13886,11.020.722.386.685.600,32236,2.313.245.403.791.780,2.098.996.166.155.550
Rip300,PTEN#15,8003,6.351.637.711.410.400,7360,5.281.513.268.366.890,0.831519917906985
Rip300,PTEN#16,6551,5.199.247.613.076.290,7473,53.626.017.193.622,10.314.187.971.880.900
Rip300,PTEN#17,4211,3.342.090.016.587.430,4877,34.997.201.372.045.200,10.471.651.331.456.500
Rip300,Hom#25,110,0.0873022801768268,117,0.0839588386411585,0.961702700904302
Rip300,Hom#26,2416,19.174.755.355.201.200,3123,2.241.055.154.498.610,11.687.529.321.675.100
Rip300,Hom#27,25,0.0198414273129152,43,0.0308566671929044,15.551.636.838.555.000
Rip300,V654A#29,6680,53.016.293.780.109.300,5771,4.141.251.776.052.350,0.781128117561109
Rip300,V654A#30,4274,33.920.904.134.159.700,3937,282.517.904.042.941,0.832872564143812
Rip300,V654A#39,2005,15.912.824.704.957.900,1846,13.246.838.985.605.000,0.832463074986157
Rip300,D816E#24,3019,23.960.507.623.076.300,2446,17.552.420.454.382.300,0.732556285138034
Rip300,D816E#34,2180,17.301.724.616.862.000,1825,13.096.143.634.197.700,0.756927065029949
Rip300,D816E#36,18389,1.459.456.027.428.780,13084,9.389.037.989.580.490,0.643324486186934
Rip300,D816A#10,4592,36.444.733.688.362.600,3028,217.288.344.790.964,0.596213287354457
Rip300,D816A#11,4485,3.559.552.059.936.980,2507,17.990.154.570.374.700,0.505405013536822
Rip300,D816A#13,4501,35.722.505.734.172.400,2472,17.738.995.651.362.700,0.49657758566453
Rip300,A829P#21,948,0.752386923705744,613,0.439886906726753,0.584655172580846
Rip300,A829P#22,6631,5.262.740.180.477.620,4633,33.246.264.908.075.800,0.631729170887143
Rip300,A829P#28,2032,1.612.711.211.993.740,1421,1.019.705.211.188.770,0.632292504451643
Rip1000,T1parental#4,899,0.71349772617243,1025,0.590298374231892,0.827330421077244
Rip1000,T1parental#6,9520,7.555.615.520.758.100,11659,6.714.428.044.067.930,0.888667246979533
Rip1000,T1parental#9,12233,9.708.807.212.755.650,15679,902.954.947.276.277,0.930036952520752
Rip1000,TSC2#18,8408,6.673.068.833.879.630,21794,125.511.831.883.023,18.808.712.304.268.500
Rip1000,TSC2#19,1,0.000793657092516607,5,0.00287950426454582,3.628.146.578.285.080
Rip1000,TSC2#20,13886,11.020.722.386.685.600,39716,22.872.478.274.140.300,20.754.064.453.862.900
Rip1000,PTEN#15,8003,6.351.637.711.410.400,8448,4.865.210.405.376.610,0.765977315840369
Rip1000,PTEN#16,6551,5.199.247.613.076.290,7788,4.485.115.842.456.560,0.862647093624919
Rip1000,PTEN#17,4211,3.342.090.016.587.430,5151,29.664.652.933.350.900,0.887607837793705
Rip1000,Hom#25,110,0.0873022801768268,152,0.0875369296421928,100.268.778.163.515
Rip1000,Hom#26,2416,19.174.755.355.201.200,4168,2.400.354.754.925.390,12.518.307.068.122.700
Rip1000,Hom#27,25,0.0198414273129152,63,0.0362817537332773,18.285.858.754.556.800
Rip1000,V654A#29,6680,53.016.293.780.109.300,6620,38.124.636.462.586.600,0.719111687073271
Rip1000,V654A#30,4274,33.920.904.134.159.700,4459,25.679.419.031.219.500,0.757038165305249
Rip1000,V654A#39,2005,15.912.824.704.957.900,1912,110.112.243.076.232,0.691971696526791
Rip1000,D816E#24,3019,23.960.507.623.076.300,3594,20.697.876.653.555.300,0.863832977963338
Rip1000,D816E#34,2180,17.301.724.616.862.000,2703,1.556.660.005.413.460,0.899713779917851
Rip1000,D816E#36,18389,1.459.456.027.428.780,19694,1.134.179.139.719.300,0.777124571349681
Rip1000,D816A#10,4592,36.444.733.688.362.600,3742,21.550.209.915.860.800,0.591312042506219
Rip1000,D816A#11,4485,3.559.552.059.936.980,3339,19.229.329.478.636.900,0.540217677810207
Rip1000,D816A#13,4501,35.722.505.734.172.400,3865,22.258.567.964.939.100,0.623096490783019
Rip1000,A829P#21,948,0.752386923705744,876,0.504489147148427,0.670518228391927
Rip1000,A829P#22,6631,5.262.740.180.477.620,5364,30.891.321.750.047.500,0.586981699469799
Rip1000,A829P#28,2032,1.612.711.211.993.740,1825,10.510.190.565.592.200,0.65170940013487
M4205_30,T1parental#4,899,0.71349772617243,1417,0.612573977926586,0.858550707950745
M4205_30,T1parental#6,9520,7.555.615.520.758.100,13790,5.961.464.471.141.580,0.78901109443211
M4205_30,T1parental#9,12233,9.708.807.212.755.650,18676,807.369.909.086.586,0.83158506641871
M4205_30,TSC2#18,8408,6.673.068.833.879.630,26407,11.415.837.004.310.000,17.107.326.911.347.000
M4205_30,TSC2#19,1,0.000793657092516607,9,0.00389073098189081,49.022.821.298.726
M4205_30,TSC2#20,13886,11.020.722.386.685.600,48981,21.174.654.913.777.000,1.921.349.088.636.750
M4205_30,PTEN#15,8003,6.351.637.711.410.400,12820,5.542.130.131.982.240,0.872551361364026
M4205_30,PTEN#16,6551,5.199.247.613.076.290,13233,5.720.671.453.706.780,11.002.883.262.030.200
M4205_30,PTEN#17,4211,3.342.090.016.587.430,8671,3.748.503.149.330.570,1.121.604.484.237.710
M4205_30,Hom#25,110,0.0873022801768268,240,0.103752826183755,11.884.320.314.842.600
M4205_30,Hom#26,2416,19.174.755.355.201.200,5179,22.388.995.283.569.400,11.676.287.320.920.800
M4205_30,Hom#27,25,0.0198414273129152,55,0.0237766893337772,11.983.356.317.466.300
M4205_30,V654A#29,6680,53.016.293.780.109.300,8701,37.614.722.526.035.400,0.709493626281129
M4205_30,V654A#30,4274,33.920.904.134.159.700,5592,24.174.408.500.814.800,0.712669933714126
M4205_30,V654A#39,2005,15.912.824.704.957.900,2952,12.761.597.620.601.800,0.801969345934271
M4205_30,D816E#24,3019,23.960.507.623.076.300,4340,18.761.969.401.562.300,0.783037225116745
M4205_30,D816E#34,2180,17.301.724.616.862.000,3150,13.617.558.436.617.800,0.787063644704317
M4205_30,D816E#36,18389,1.459.456.027.428.780,23721,10.254.669.957.936.800,0.702636445717597
M4205_30,D816A#10,4592,36.444.733.688.362.600,4968,21.476.835.020.037.200,0.589298722928936
M4205_30,D816A#11,4485,3.559.552.059.936.980,4373,1.890.462.953.756.500,0.531095745173613
M4205_30,D816A#13,4501,35.722.505.734.172.400,4951,21.403.343.434.823.700,0.599155714162266
M4205_30,A829P#21,948,0.752386923705744,1648,0.71243607312845,0.946901189642528
M4205_30,A829P#22,6631,5.262.740.180.477.620,13738,59.389.846.921.351.000,1.128.496.655.443.110
M4205_30,A829P#28,2032,1.612.711.211.993.740,3707,1.602.548.861.096.580,0.993698592270217
M4205_100,T1parental#4,899,0.71349772617243,1399,0.59510896151572,0.834072681223795
M4205_100,T1parental#6,9520,7.555.615.520.758.100,14872,6.326.276.251.366.530,0.837294623315055
M4205_100,T1parental#9,12233,9.708.807.212.755.650,20316,8.642.054.083.025.990,0.890125212463984
M4205_100,TSC2#18,8408,6.673.068.833.879.630,28763,12.235.253.080.826.700,18.335.271.799.846.400
M4205_100,TSC2#19,1,0.000793657092516607,5,0.00212690836853367,2.679.883.275.268.730
M4205_100,TSC2#20,13886,11.020.722.386.685.600,53966,22.956.147.403.257.500,20.829.984.276.703.500
M4205_100,PTEN#15,8003,6.351.637.711.410.400,13229,5.627.374.161.466.370,0.885972156654507
M4205_100,PTEN#16,6551,5.199.247.613.076.290,13841,5.887.707.745.774.890,1.132.415.338.513.030
M4205_100,PTEN#17,4211,3.342.090.016.587.430,8267,3.516.630.296.533.560,10.522.248.889.407.000
M4205_100,Hom#25,110,0.0873022801768268,196,0.0833748080465197,0.955012949004858
M4205_100,Hom#26,2416,19.174.755.355.201.200,6024,2.562.499.202.409.360,13.363.921.233.624.800
M4205_100,Hom#27,25,0.0198414273129152,64,0.0272244271172309,13.721.002.369.375.900
M4205_100,V654A#29,6680,53.016.293.780.109.300,6978,29.683.133.191.255.800,0.559886990863031
M4205_100,V654A#30,4274,33.920.904.134.159.700,4879,2.075.437.186.015.150,0.611846069257658
M4205_100,V654A#39,2005,15.912.824.704.957.900,2401,10.213.413.985.698.600,0.641835385927205
M4205_100,D816E#24,3019,23.960.507.623.076.300,3976,16.913.175.346.579.700,0.705877171412288
M4205_100,D816E#34,2180,17.301.724.616.862.000,3042,1.294.011.051.415.880,0.747908708565825
M4205_100,D816E#36,18389,1.459.456.027.428.780,22582,9.605.968.955.645.450,0.658188309555915
M4205_100,D816A#10,4592,36.444.733.688.362.600,4625,1.967.390.240.893.640,0.539828403663672
M4205_100,D816A#11,4485,3.559.552.059.936.980,2994,12.735.927.310.779.500,0.357795787119491
M4205_100,D816A#13,4501,35.722.505.734.172.400,4263,18.134.020.750.118.000,0.507635743277966
M4205_100,A829P#21,948,0.752386923705744,1162,0.494293504847224,0.656967165793728
M4205_100,A829P#22,6631,5.262.740.180.477.620,14723,62.628.943.819.842.300,1.190.044.381.293.360
M4205_100,A829P#28,2032,1.612.711.211.993.740,2516,10.702.602.910.461.400,0.663640385883478
M4205_300,T1parental#4,899,0.71349772617243,1440,0.615497719666434,0.862648466966085
M4205_300,T1parental#6,9520,7.555.615.520.758.100,15134,646.871.006.210.543,0.856146007473973
M4205_300,T1parental#9,12233,9.708.807.212.755.650,20383,871.228.473.608.398,0.897358918059221
M4205_300,TSC2#18,8408,6.673.068.833.879.630,28679,12.258.235.487.717.800,18.369.712.336.072.200
M4205_300,TSC2#19,1,0.000793657092516607,2,0.000854857943981159,10.771.124.608.368.200
M4205_300,TSC2#20,13886,11.020.722.386.685.600,55918,23.900.973.255.769.200,21.687.301.809.402.700
M4205_300,PTEN#15,8003,6.351.637.711.410.400,13398,57.266.933.667.297.800,0.901608943539405
M4205_300,PTEN#16,6551,5.199.247.613.076.290,14220,60.780.399.817.060.300,11.690.229.883.299.900
M4205_300,PTEN#17,4211,3.342.090.016.587.430,9328,3.987.057.450.728.120,11.929.832.622.519.400
M4205_300,Hom#25,110,0.0873022801768268,232,0.0991635215018144,1.135.864.049.609.730
M4205_300,Hom#26,2416,19.174.755.355.201.200,5545,23.700.936.496.877.600,12.360.489.642.674.100
M4205_300,Hom#27,25,0.0198414273129152,75,0.0320571728992935,16.156.686.912.552.300
M4205_300,V654A#29,6680,53.016.293.780.109.300,6441,27.530.700.085.913.200,0.519287526964817
M4205_300,V654A#30,4274,33.920.904.134.159.700,4640,19.832.704.300.362.800,0.584674990440202
M4205_300,V654A#39,2005,15.912.824.704.957.900,2443,10.442.089.785.729.800,0.656205920654452
M4205_300,D816E#24,3019,23.960.507.623.076.300,4110,17.567.330.748.812.800,0.733178571387766
M4205_300,D816E#34,2180,17.301.724.616.862.000,3087,13.194.732.365.349.100,0.762625267569556
M4205_300,D816E#36,18389,1.459.456.027.428.780,23134,9.888.141.838.030.060,0.677522422888656
M4205_300,D816A#10,4592,36.444.733.688.362.600,4254,1.818.282.846.847.920,0.498915114155034
M4205_300,D816A#11,4485,3.559.552.059.936.980,4133,17.665.639.412.370.600,0.496288272089028
M4205_300,D816A#13,4501,35.722.505.734.172.400,4326,1.849.057.732.831.240,0.517617030168861
M4205_300,A829P#21,948,0.752386923705744,1145,0.489406172929214,0.650471396444177
M4205_300,A829P#22,6631,5.262.740.180.477.620,9412,4.022.961.484.375.330,0.764423351032737
M4205_300,A829P#28,2032,1.612.711.211.993.740,2478,1.059.168.992.592.650,0.656762962094892
M4205_1000,T1parental#4,899,0.71349772617243,1548,0.699714780344704,0.980682565168548
M4205_1000,T1parental#6,9520,7.555.615.520.758.100,13848,6.259.464.004.013.860,0.828451896052251
M4205_1000,T1parental#9,12233,9.708.807.212.755.650,18179,8.217.128.547.730.220,0.846358194952555
M4205_1000,TSC2#18,8408,6.673.068.833.879.630,37334,1.687.542.093.629.790,25.288.845.891.443.900
M4205_1000,TSC2#19,1,0.000793657092516607,5,0.00226006066002811,28.476.538.310.288.200
M4205_1000,TSC2#20,13886,11.020.722.386.685.600,50433,22.796.327.853.439.500,20.684.966.968.209.200
M4205_1000,PTEN#15,8003,6.351.637.711.410.400,14354,64.881.821.428.087.100,10.214.975.156.963.000
M4205_1000,PTEN#16,6551,5.199.247.613.076.290,13002,587.706.174.033.711,11.303.677.335.074.500
M4205_1000,PTEN#17,4211,3.342.090.016.587.430,7638,3.452.468.664.258.940,103.302.683.264.774
M4205_1000,Hom#25,110,0.0873022801768268,212,0.0958265719851921,10.976.411.130.511.100
M4205_1000,Hom#26,2416,19.174.755.355.201.200,4084,18.460.175.471.109.600,0.962733298503454
M4205_1000,Hom#27,25,0.0198414273129152,46,0.0207925580722587,10.479.366.098.186.000
M4205_1000,V654A#29,6680,53.016.293.780.109.300,5575,25.199.676.359.313.400,0.475319464310949
M4205_1000,V654A#30,4274,33.920.904.134.159.700,4120,1.862.289.983.863.160,0.549009535977481
M4205_1000,V654A#39,2005,15.912.824.704.957.900,2225,10.057.269.937.125.100,0.632022920103654
M4205_1000,D816E#24,3019,23.960.507.623.076.300,3920,17.718.875.574.620.400,0.73950334664677
M4205_1000,D816E#34,2180,17.301.724.616.862.000,2912,13.162.593.284.003.700,0.760767702381279
M4205_1000,D816E#36,18389,1.459.456.027.428.780,21193,957.949.311.359.517,0.656374219816128
M4205_1000,D816A#10,4592,36.444.733.688.362.600,3873,17.506.429.872.577.700,0.480355543883913
M4205_1000,D816A#11,4485,3.559.552.059.936.980,2976,13.451.881.048.487.300,0.377909377977337
M4205_1000,D816A#13,4501,35.722.505.734.172.400,4039,18.256.770.011.707.100,0.511071931727413
M4205_1000,A829P#21,948,0.752386923705744,792,0.357993608548453,0.475810513538994
M4205_1000,A829P#22,6631,5.262.740.180.477.620,7104,3.211.094.185.767.940,0.610156320785063
M4205_1000,A829P#28,2032,1.612.711.211.993.740,1821,0.823114092382239,0.510391498651918
Tram30,T1parental#4,899,0.71349772617243,1372,0.642884922661694,0.901032896223034
Tram30,T1parental#6,9520,7.555.615.520.758.100,15619,7.318.673.182.983.220,0.968640233595277
Tram30,T1parental#9,12233,9.708.807.212.755.650,21199,9.933.321.775.149.590,10.231.248.347.478.700
Tram30,TSC2#18,8408,6.673.068.833.879.630,13744,644.009.502.701.335,0.965087456361388
Tram30,TSC2#19,1,0.000793657092516607,4,0.00187430006606908,2.361.599.340.246.370
Tram30,TSC2#20,13886,11.020.722.386.685.600,32526,152.408.709.872.407,13.829.284.916.616.300
Tram30,PTEN#15,8003,6.351.637.711.410.400,13317,62.400.134.949.604.700,0.982425915721011
Tram30,PTEN#16,6551,5.199.247.613.076.290,8958,4.197.494.997.961.690,0.807327388563847
Tram30,PTEN#17,4211,3.342.090.016.587.430,7910,37.064.283.806.516.000,1.109.015.125.940.910
Tram30,Hom#25,110,0.0873022801768268,82,0.0384231513544161,0.440116240682279
Tram30,Hom#26,2416,19.174.755.355.201.200,2289,10.725.682.128.080.200,0.559364744394035
Tram30,Hom#27,25,0.0198414273129152,32,0.0149944005285526,0.755711788878841
Tram30,V654A#29,6680,53.016.293.780.109.300,10628,4.980.015.275.545.530,0.939336743568057
Tram30,V654A#30,4274,33.920.904.134.159.700,6810,3.190.995.862.482.600,0.940716630034969
Tram30,V654A#39,2005,15.912.824.704.957.900,2945,13.799.534.236.433.500,0.867195767708925
Tram30,D816E#24,3019,23.960.507.623.076.300,6290,2.947.336.853.893.620,12.300.811.402.906.300
Tram30,D816E#34,2180,17.301.724.616.862.000,3905,18.297.854.394.999.300,10.575.740.164.750.100
Tram30,D816E#36,18389,1.459.456.027.428.780,33200,15.556.690.548.373.300,10.659.238.960.272.400
Tram30,D816A#10,4592,36.444.733.688.362.600,5395,2.527.962.214.110.660,0.693642663361781
Tram30,D816A#11,4485,3.559.552.059.936.980,4993,23.395.950.574.707.200,0.657272324740811
Tram30,D816A#13,4501,35.722.505.734.172.400,5141,2.408.944.159.915.280,0.67434915619899
Tram30,A829P#21,948,0.752386923705744,1566,0.733788475866044,0.975280740196684
Tram30,A829P#22,6631,5.262.740.180.477.620,12081,5.660.854.774.545.130,10.756.477.767.122.700
Tram30,A829P#28,2032,1.612.711.211.993.740,3407,15.964.350.812.743.300,0.989907597467939
Tram100,T1parental#4,899,0.71349772617243,1120,0.517072630237669,0.724701160593059
Tram100,T1parental#6,9520,7.555.615.520.758.100,12594,5.814.297.058.226.070,0.769533209075028
Tram100,T1parental#9,12233,9.708.807.212.755.650,15954,7.365.514.948.939.070,0.758642620821855
Tram100,TSC2#18,8408,6.673.068.833.879.630,17329,8.000.313.936.954.070,11.988.957.608.733.000
Tram100,TSC2#19,1,0.000793657092516607,7,0.00323170393898543,4.071.914.646.082.250
Tram100,TSC2#20,13886,11.020.722.386.685.600,30616,14.134.549.685.139.700,12.825.429.394.915.100
Tram100,PTEN#15,8003,6.351.637.711.410.400,13405,6.188.713.043.157.090,0.974349187460641
Tram100,PTEN#16,6551,5.199.247.613.076.290,9005,4.157.356.281.509.110,0.799607287610848
Tram100,PTEN#17,4211,3.342.090.016.587.430,7045,3.252.479.178.593.190,0.973187185997539
Tram100,Hom#25,110,0.0873022801768268,79,0.036472087311407,0.417767866286361
Tram100,Hom#26,2416,19.174.755.355.201.200,2158,0.996288157190079,0.519583243037222
Tram100,Hom#27,25,0.0198414273129152,35,0.0161585196949272,0.81438292921645
Tram100,V654A#29,6680,53.016.293.780.109.300,12488,5.765.359.827.150.000,10.874.694.204.507.000
Tram100,V654A#30,4274,33.920.904.134.159.700,7846,3.622.278.443.611.380,1.067.860.228.396.320
Tram100,V654A#39,2005,15.912.824.704.957.900,3448,1.591.845.025.945.960,10.003.535.233.125.400
Tram100,D816E#24,3019,23.960.507.623.076.300,6336,29.251.537.367.730.900,122.082.294.031.028
Tram100,D816E#34,2180,17.301.724.616.862.000,4413,20.373.584.975.346.700,11.775.464.831.691.300
Tram100,D816E#36,18389,1.459.456.027.428.780,37700,17.405.034.071.392.900,11.925.699.537.557.400
Tram100,D816A#10,4592,36.444.733.688.362.600,5319,2.455.633.321.637.640,0.673796478425569
Tram100,D816A#11,4485,3.559.552.059.936.980,4551,2.101.069.232.331.810,0.59026225686639
Tram100,D816A#13,4501,35.722.505.734.172.400,5641,26.042.917.028.309.700,0.729033881948455
Tram100,A829P#21,948,0.752386923705744,1688,0.779302321286772,10.357.733.457.786.000
Tram100,A829P#22,6631,5.262.740.180.477.620,14507,6.697.475.577.551.660,12.726.213.622.318.300
Tram100,A829P#28,2032,1.612.711.211.993.740,3320,1.532.751.011.061.660,0.95041877284822
Tram300,T1parental#4,899,0.71349772617243,1228,0.525894298671988,0.737065136133169
Tram300,T1parental#6,9520,7.555.615.520.758.100,11952,5.118.476.105.641.370,0.677439990372592
Tram300,T1parental#9,12233,9.708.807.212.755.650,15045,6.443.061.664.104.280,0.66363061114647
Tram300,TSC2#18,8408,6.673.068.833.879.630,17581,7.529.110.476.345.460,11.282.830.529.365.500
Tram300,TSC2#19,1,0.000793657092516607,2,0.000856505372429949,1.079.188.204.208.010
Tram300,TSC2#20,13886,11.020.722.386.685.600,34821,1.491.218.678.669.160,13.531.042.942.073.700
Tram300,PTEN#15,8003,6.351.637.711.410.400,14266,6.109.452.821.542.820,0.961870481146538
Tram300,PTEN#16,6551,5.199.247.613.076.290,10457,44.782.383.397.499.800,0.861324305556646
Tram300,PTEN#17,4211,3.342.090.016.587.430,7624,3.264.998.479.702.960,0.976933135701956
Tram300,Hom#25,110,0.0873022801768268,85,0.0364014783282728,0.41695907889855
Tram300,Hom#26,2416,19.174.755.355.201.200,1805,0.772996098618029,0.403132183070252
Tram300,Hom#27,25,0.0198414273129152,42,0.0179866128210289,0.906518091534729
Tram300,V654A#29,6680,53.016.293.780.109.300,14452,6.189.107.821.178.800,11.673.972.999.411.800
Tram300,V654A#30,4274,33.920.904.134.159.700,9293,3.979.752.212.995.750,11.732.447.334.704.000
Tram300,V654A#39,2005,15.912.824.704.957.900,4380,18.757.467.656.215.800,11.787.641.731.748.300
Tram300,D816E#24,3019,23.960.507.623.076.300,6601,2.826.895.981.705.040,11.798.147.293.767.900
Tram300,D816E#34,2180,17.301.724.616.862.000,4415,18.907.356.096.391.100,10.928.018.168.757.700
Tram300,D816E#36,18389,1.459.456.027.428.780,40330,17.271.430.835.049.900,1.183.415.636.405.160
Tram300,D816A#10,4592,36.444.733.688.362.600,5424,232.284.257.003.002,0.637360280882431
Tram300,D816A#11,4485,3.559.552.059.936.980,4984,2.134.411.388.095.430,0.599629209562177
Tram300,D816A#13,4501,35.722.505.734.172.400,6112,2.617.480.418.145.920,0.732725872486043
Tram300,A829P#21,948,0.752386923705744,1868,0.799976017849572,10.632.508.256.648.500
Tram300,A829P#22,6631,5.262.740.180.477.620,17146,7.342.820.557.841.940,13.952.466.407.291.900
Tram300,A829P#28,2032,1.612.711.211.993.740,3594,15.391.401.542.566.100,0.9543805132686
Tram1000,T1parental#4,899,0.71349772617243,1010,0.446454225180902,0.625726205990751
Tram1000,T1parental#6,9520,7.555.615.520.758.100,9992,4.416.802.592.086.700,0.584572174160014
Tram1000,T1parental#9,12233,9.708.807.212.755.650,12009,5.308.384.940.789.560,0.54675974344359
Tram1000,TSC2#18,8408,6.673.068.833.879.630,19237,8.503.405.871.094.070,12.742.871.507.516.400
Tram1000,TSC2#19,1,0.000793657092516607,6,0.00265220331790635,3.341.749.658.528.820
Tram1000,TSC2#20,13886,11.020.722.386.685.600,34914,15.433.171.106.897.000,14.003.774.494.439.800
Tram1000,PTEN#15,8003,6.351.637.711.410.400,14174,6.265.388.304.667.430,0.986420918405338
Tram1000,PTEN#16,6551,5.199.247.613.076.290,10192,4.505.209.369.350.250,0.866511792594661
Tram1000,PTEN#17,4211,3.342.090.016.587.430,6950,30.721.355.099.081.800,0.919225842110952
Tram1000,Hom#25,110,0.0873022801768268,70,0.0309423720422408,0.35442799408639
Tram1000,Hom#26,2416,19.174.755.355.201.200,1978,0.87434302713646,0.455986535911287
Tram1000,Hom#27,25,0.0198414273129152,46,0.0203335587706154,10.248.032.286.155.000
Tram1000,V654A#29,6680,53.016.293.780.109.300,14681,6.489.499.485.030.520,12.240.575.533.149.100
Tram1000,V654A#30,4274,33.920.904.134.159.700,9019,3.986.703.620.699.560,1.175.294.032.532.810
Tram1000,V654A#39,2005,15.912.824.704.957.900,3668,16.213.802.950.134.100,10.189.141.934.732.900
Tram1000,D816E#24,3019,23.960.507.623.076.300,6445,28.489.083.973.177.300,11.890.016.864.976.400
Tram1000,D816E#34,2180,17.301.724.616.862.000,4384,1.937.876.557.616.900,11.200.482.035.925.300
Tram1000,D816E#36,18389,1.459.456.027.428.780,40890,18.074.765.611.531.700,12.384.590.746.029.600
Tram1000,D816A#10,4592,36.444.733.688.362.600,5428,23.993.599.349.326.100,0.658355732668933
Tram1000,D816A#11,4485,3.559.552.059.936.980,4206,18.591.945.258.523.500,0.522311373607292
Tram1000,D816A#13,4501,35.722.505.734.172.400,6005,26.544.134.873.379.300,0.743064752257483
Tram1000,A829P#21,948,0.752386923705744,1722,0.761182352239123,10.116.900.337.529.200
Tram1000,A829P#22,6631,5.262.740.180.477.620,16474,7.282.066.243.198.200,13.837.024.047.304.000
Tram1000,A829P#28,2032,1.612.711.211.993.740,2727,12.054.264.079.884.300,0.747453356201452
IM100Tram30,T1parental#4,899,0.71349772617243,572,0.255508851237565,0.358107449911924
IM100Tram30,T1parental#6,9520,7.555.615.520.758.100,5601,25.019.319.506.671.300,0.3311354242144
IM100Tram30,T1parental#9,12233,9.708.807.212.755.650,7601,33.953.195.424.068.700,0.349715414880834
IM100Tram30,TSC2#18,8408,6.673.068.833.879.630,20427,9.124.614.168.233.810,13.673.789.968.878.300
IM100Tram30,TSC2#19,1,0.000793657092516607,2,0.000893387591739738,1.125.659.431.716.150
IM100Tram30,TSC2#20,13886,11.020.722.386.685.600,40464,18.075.017.756.078.300,16.400.937.363.158.000
IM100Tram30,PTEN#15,8003,6.351.637.711.410.400,9959,4.448.623.513.068.020,0.700389996280218
IM100Tram30,PTEN#16,6551,5.199.247.613.076.290,7408,3.309.107.639.803.990,0.636458942921177
IM100Tram30,PTEN#17,4211,3.342.090.016.587.430,4865,2.173.165.316.906.910,0.650241407658405
IM100Tram30,Hom#25,110,0.0873022801768268,40,0.0178677518347948,0.204665351221119
IM100Tram30,Hom#26,2416,19.174.755.355.201.200,1693,0.756252596407689,0.394400127875713
IM100Tram30,Hom#27,25,0.0198414273129152,29,0.0129541200802262,0.652882470395369
IM100Tram30,V654A#29,6680,53.016.293.780.109.300,15077,67.348.023.603.300.100,12.703.268.901.185.900
IM100Tram30,V654A#30,4274,33.920.904.134.159.700,9160,4.091.715.170.168.000,12.062.518.009.499.200
IM100Tram30,V654A#39,2005,15.912.824.704.957.900,3861,1.724.684.745.853.560,10.838.331.835.052.500
IM100Tram30,D816E#24,3019,23.960.507.623.076.300,7574,3.383.258.809.918.380,1.412.014.663.103.360
IM100Tram30,D816E#34,2180,17.301.724.616.862.000,5144,22.977.928.859.546.000,1.328.071.586.410.060
IM100Tram30,D816E#36,18389,1.459.456.027.428.780,42622,19.038.982.967.565.500,13.045.259.747.296.100
IM100Tram30,D816A#10,4592,36.444.733.688.362.600,6547,29.245.042.815.600.300,0.802449074416992
IM100Tram30,D816A#11,4485,3.559.552.059.936.980,4949,22.106.875.957.599.800,0.621057806863237
IM100Tram30,D816A#13,4501,35.722.505.734.172.400,6762,3.020.543.447.672.050,0.845557551351325
IM100Tram30,A829P#21,948,0.752386923705744,1823,0.814322789870772,10.823.191.687.861.500
IM100Tram30,A829P#22,6631,5.262.740.180.477.620,18075,8.073.990.360.347.880,1.534.179.929.744.340
IM100Tram30,A829P#28,2032,1.612.711.211.993.740,3612,16.134.579.906.819.600,10.004.630.579.130.700
IM100Tram100,T1parental#4,899,0.71349772617243,675,0.332327325183518,0.465772087272504
IM100Tram100,T1parental#6,9520,7.555.615.520.758.100,4730,2.328.752.960.174.870,0.308214857383482
IM100Tram100,T1parental#9,12233,9.708.807.212.755.650,5841,2.875.739.120.588.040,0.296199013696537
IM100Tram100,TSC2#18,8408,6.673.068.833.879.630,19266,9.485.360.365.904.690,14.214.390.113.506.400
IM100Tram100,TSC2#19,1,0.000793657092516607,3,0.00147701033414897,18.610.182.509.243.600
IM100Tram100,TSC2#20,13886,11.020.722.386.685.600,37211,1.832.034.384.800.570,16.623.541.729.114.800
IM100Tram100,PTEN#15,8003,6.351.637.711.410.400,10088,4.966.693.416.964.940,0.781954771765795
IM100Tram100,PTEN#16,6551,5.199.247.613.076.290,7677,3.779.669.445.087.210,0.726964693041588
IM100Tram100,PTEN#17,4211,3.342.090.016.587.430,4889,24.070.345.078.847.700,0.720218335214851
IM100Tram100,Hom#25,110,0.0873022801768268,28,0.0137854297853904,0.15790457886631
IM100Tram100,Hom#26,2416,19.174.755.355.201.200,1156,0.569141315425404,0.296818032294228
IM100Tram100,Hom#27,25,0.0198414273129152,22,0.0108314091170925,0.545898686937813
IM100Tram100,V654A#29,6680,53.016.293.780.109.300,14272,7.026.630.496.324.700,1.325.371.880.099.420
IM100Tram100,V654A#30,4274,33.920.904.134.159.700,8595,4.231.634.607.336.800,1.247.500.535.540.070
IM100Tram100,V654A#39,2005,15.912.824.704.957.900,4491,221.108.447.022.101,13.894.984.147.799.300
IM100Tram100,D816E#24,3019,23.960.507.623.076.300,5812,2.861.461.354.024.600,11.942.407.060.143.900
IM100Tram100,D816E#34,2180,17.301.724.616.862.000,4019,19.787.015.109.815.700,11.436.440.902.851.700
IM100Tram100,D816E#36,18389,1.459.456.027.428.780,37473,184.493.360.838.548,12.641.241.488.007.000
IM100Tram100,D816A#10,4592,36.444.733.688.362.600,4818,2.372.078.596.643.240,0.65087005901231
IM100Tram100,D816A#11,4485,3.559.552.059.936.980,3727,1.834.939.171.791.070,0.515497214507254
IM100Tram100,D816A#13,4501,35.722.505.734.172.400,5617,2.765.455.682.304.920,0.774149412385554
IM100Tram100,A829P#21,948,0.752386923705744,1709,0.841403553686864,1.118.312.303.385.980
IM100Tram100,A829P#22,6631,5.262.740.180.477.620,17847,878.673.447.785.223,1.669.612.060.737.290
IM100Tram100,A829P#28,2032,1.612.711.211.993.740,3147,15.493.838.405.222.700,0.960732354930933
IM100Tram300,T1parental#4,899,0.71349772617243,624,0.294797114389784,0.413171764360383
IM100Tram300,T1parental#6,9520,7.555.615.520.758.100,4889,2.309.716.493.993.030,0.305695345090996
IM100Tram300,T1parental#9,12233,9.708.807.212.755.650,5700,26.928.582.564.451.400,0.277362419237989
IM100Tram300,TSC2#18,8408,6.673.068.833.879.630,20349,9.613.503.975.509.160,1.440.642.111.572.520
IM100Tram300,TSC2#19,1,0.000793657092516607,6,0.00283458763836331,35.715.520.784.613.800
IM100Tram300,TSC2#20,13886,11.020.722.386.685.600,38156,18.026.087.654.898.400,16.356.539.092.824.000
IM100Tram300,PTEN#15,8003,6.351.637.711.410.400,11135,5.260.522.225.529.240,0.828215094207745
IM100Tram300,PTEN#16,6551,5.199.247.613.076.290,8460,39.967.685.700.922.600,0.768720566422005
IM100Tram300,PTEN#17,4211,3.342.090.016.587.430,5266,24.878.230.839.368.600,0.744391405255191
IM100Tram300,Hom#25,110,0.0873022801768268,26,0.0122832130995743,0.140697506121206
IM100Tram300,Hom#26,2416,19.174.755.355.201.200,1175,0.555106745846148,0.289498737044159
IM100Tram300,Hom#27,25,0.0198414273129152,31,0.0146453694648771,0.73812076288202
IM100Tram300,V654A#29,6680,53.016.293.780.109.300,15209,7.185.207.231.977.920,1.355.282.823.386.200
IM100Tram300,V654A#30,4274,33.920.904.134.159.700,9242,4.366.209.825.625.610,12.871.737.758.984.600
IM100Tram300,V654A#39,2005,15.912.824.704.957.900,4265,20.149.193.796.032.500,12.662.235.756.141.100
IM100Tram300,D816E#24,3019,23.960.507.623.076.300,5998,2.833.642.775.817.180,11.826.305.270.294.400
IM100Tram300,D816E#34,2180,17.301.724.616.862.000,4067,1.921.377.987.537.260,11.105.124.084.940.700
IM100Tram300,D816E#36,18389,1.459.456.027.428.780,37378,17.658.536.124.457.200,12.099.395.797.191.200
IM100Tram300,D816A#10,4592,36.444.733.688.362.600,5213,2.462.784.226.464.650,0.675758601372648
IM100Tram300,D816A#11,4485,3.559.552.059.936.980,3379,15.963.452.716.716.000,0.448468022040915
IM100Tram300,D816A#13,4501,35.722.505.734.172.400,6248,2.951.750.594.082.320,0.826299984678469
IM100Tram300,A829P#21,948,0.752386923705744,1801,0.850848722782053,11.308.659.095.128.200
IM100Tram300,A829P#22,6631,5.262.740.180.477.620,19874,9.389.099.120.805.400,17.840.704.269.678.100
IM100Tram300,A829P#28,2032,1.612.711.211.993.740,3180,15.023.314.483.325.500,0.931556398417586
IM100Tram1000,T1parental#4,899,0.71349772617243,667,0.331043656071946,0.463972965755385
IM100Tram1000,T1parental#6,9520,7.555.615.520.758.100,5066,25.143.435.707.053.600,0.332778125593808
IM100Tram1000,T1parental#9,12233,9.708.807.212.755.650,6129,304.192.888.765.361,0.313316437436007
IM100Tram1000,TSC2#18,8408,6.673.068.833.879.630,19364,9.610.688.689.920.780,14.402.202.238.835.900
IM100Tram1000,TSC2#19,1,0.000793657092516607,8,0.00397053860356157,5.002.838.935.101.540
IM100Tram1000,TSC2#20,13886,11.020.722.386.685.600,36547,181.389.092.930.456,16.458.911.364.067.700
IM100Tram1000,PTEN#15,8003,6.351.637.711.410.400,11086,550.217.386.988.545,0.86626065904248
IM100Tram1000,PTEN#16,6551,5.199.247.613.076.290,8288,411.347.799.328.979,0.791167934172676
IM100Tram1000,PTEN#17,4211,3.342.090.016.587.430,5490,27.247.821.166.941.200,0.815292856616822
IM100Tram1000,Hom#25,110,0.0873022801768268,31,0.0153858370888011,0.176236371577441
IM100Tram1000,Hom#26,2416,19.174.755.355.201.200,1227,0.608981358321256,0.317595373208278
IM100Tram1000,Hom#27,25,0.0198414273129152,29,0.0143932024379107,0.725411645589724
IM100Tram1000,V654A#29,6680,53.016.293.780.109.300,14598,7.245.240.316.848.980,13.666.063.393.452.900
IM100Tram1000,V654A#30,4274,33.920.904.134.159.700,8777,4.356.177.165.432.490,1.284.216.112.932.440
IM100Tram1000,V654A#39,2005,15.912.824.704.957.900,4222,209.545.174.802.962,1.316.832.043.890.190
IM100Tram1000,D816E#24,3019,23.960.507.623.076.300,5158,2.560.004.764.646.320,10.684.267.649.575.000
IM100Tram1000,D816E#34,2180,17.301.724.616.862.000,3465,17.197.395.326.676.000,0.993970006314613
IM100Tram1000,D816E#36,18389,1.459.456.027.428.780,35353,17.546.306.406.464.000,12.022.497.476.252.400
IM100Tram1000,D816A#10,4592,36.444.733.688.362.600,4814,23.892.716.046.931.700,0.655587615243327
IM100Tram1000,D816A#11,4485,3.559.552.059.936.980,2926,14.522.244.942.526.400,0.407979563102205
IM100Tram1000,D816A#13,4501,35.722.505.734.172.400,5666,28.121.339.659.724.800,0.787216324324744
IM100Tram1000,A829P#21,948,0.752386923705744,1591,0.789640864783308,10.495.143.388.378.900
IM100Tram1000,A829P#22,6631,5.262.740.180.477.620,18115,8.990.788.350.439.730,17.083.853.738.004.100
IM100Tram1000,A829P#28,2032,1.612.711.211.993.740,2867,14.229.417.720.513.700,0.88232893866487
