Sample;CellID;Count;Pre-Percentage;Post-Percentage;post/pre
P1_Ctrl_147719_left;T1parental#4;1030;0.598890252;0.938197386;1.566559786
P1_Ctrl_147719_left;T1parental#6;14437;5.352664995;13.15024821;2.456766531
P1_Ctrl_147719_left;T1parental#9;19267;6.815877928;17.54975634;2.57483431
P1_Ctrl_147719_left;TSC2#18;4403;8.260417222;4.010566106;0.485516167
P1_Ctrl_147719_left;TSC2#19;5;0.232086646;0.004554356;0.019623517
P1_Ctrl_147719_left;TSC2#20;12735;12.47265646;11.59994535;0.930030053
P1_Ctrl_147719_left;PTEN#15;5144;3.073147308;4.685521702;1.524665508
P1_Ctrl_147719_left;PTEN#16;19899;5.140585819;18.12542697;3.525945799
P1_Ctrl_147719_left;PTEN#17;14260;4.158885984;12.989024;3.123197907
P1_Ctrl_147719_left;Hom#25;965;1.908712586;0.878990755;0.460514989
P1_Ctrl_147719_left;Hom#26;2484;3.725390813;2.262604181;0.607346798
P1_Ctrl_147719_left;Hom#27;1266;2.687670063;1.153163;0.429056757
P1_Ctrl_147719_left;V654A#29;889;4.647068239;0.80976454;0.174252776
P1_Ctrl_147719_left;V654A#30;829;3.419943446;0.755112265;0.220796711
P1_Ctrl_147719_left;V654A#39;304;2.53961479;0.276904859;0.109034197
P1_Ctrl_147719_left;D816E#24;667;2.41690231;0.607551123;0.251375953
P1_Ctrl_147719_left;D816E#34;117;1.828682708;0.106571936;0.058277981
P1_Ctrl_147719_left;D816E#36;2896;12.48065945;2.637883135;0.211357673
P1_Ctrl_147719_left;D816A#10;5464;4.324281065;4.977000501;1.15094288
P1_Ctrl_147719_left;D816A#11;875;1.914047911;0.797012342;0.416401459
P1_Ctrl_147719_left;D816A#13;595;5.859520888;0.541968393;0.092493636
P1_Ctrl_147719_left;A829P#21;246;1.63527717;0.224074327;0.137025289
P1_Ctrl_147719_left;A829P#22;752;2.38622419;0.684975179;0.287053992
P1_Ctrl_147719_left;A829P#28;256;2.120791762;0.23318304;0.109950936
P1_Ctrl_147719_right;T1parental#4;1290;0.598890252;1.047264934;1.748675871
P1_Ctrl_147719_right;T1parental#6;18637;5.352664995;15.13013688;2.826654926
P1_Ctrl_147719_right;T1parental#9;21540;6.815877928;17.48688889;2.565610634
P1_Ctrl_147719_right;TSC2#18;5637;8.260417222;4.57630421;0.554004003
P1_Ctrl_147719_right;TSC2#19;4;0.232086646;0.003247333;0.0139919
P1_Ctrl_147719_right;TSC2#20;16413;12.47265646;13.32461966;1.068306475
P1_Ctrl_147719_right;PTEN#15;5115;3.073147308;4.152527237;1.351229479
P1_Ctrl_147719_right;PTEN#16;22617;5.140585819;18.36123334;3.571817296
P1_Ctrl_147719_right;PTEN#17;15184;4.158885984;12.32687655;2.963985211
P1_Ctrl_147719_right;Hom#25;1164;1.908712586;0.94497394;0.49508446
P1_Ctrl_147719_right;Hom#26;2350;3.725390813;1.907808213;0.51210955
P1_Ctrl_147719_right;Hom#27;1265;2.687670063;1.026969102;0.382103858
P1_Ctrl_147719_right;V654A#29;572;4.647068239;0.464368637;0.099927226
P1_Ctrl_147719_right;V654A#30;628;3.419943446;0.509831301;0.149075945
P1_Ctrl_147719_right;V654A#39;287;2.53961479;0.232996152;0.091744682
P1_Ctrl_147719_right;D816E#24;529;2.41690231;0.429459806;0.17769018
P1_Ctrl_147719_right;D816E#34;109;1.828682708;0.088489828;0.04838993
P1_Ctrl_147719_right;D816E#36;2324;12.48065945;1.886700547;0.151169941
P1_Ctrl_147719_right;D816A#10;4498;4.324281065;3.651626102;0.844446984
P1_Ctrl_147719_right;D816A#11;1285;1.914047911;1.043205767;0.545025943
P1_Ctrl_147719_right;D816A#13;505;5.859520888;0.409975807;0.069967462
P1_Ctrl_147719_right;A829P#21;210;1.63527717;0.170484989;0.104254491
P1_Ctrl_147719_right;A829P#22;785;2.38622419;0.637289126;0.267070097
P1_Ctrl_147719_right;A829P#28;230;2.120791762;0.186721655;0.08804337
P1_Ctrl_147721_left;T1parental#4;1914;0.598890252;1.180403089;1.970983972
P1_Ctrl_147721_left;T1parental#6;26238;5.352664995;16.18151319;3.023076019
P1_Ctrl_147721_left;T1parental#9;30264;6.815877928;18.66443003;2.738375045
P1_Ctrl_147721_left;TSC2#18;7350;8.260417222;4.532895873;0.548749022
P1_Ctrl_147721_left;TSC2#19;1;0.232086646;0.000616721;0.002657286
P1_Ctrl_147721_left;TSC2#20;22318;12.47265646;13.76396872;1.103531454
P1_Ctrl_147721_left;PTEN#15;5242;3.073147308;3.232849002;1.05196682
P1_Ctrl_147721_left;PTEN#16;17989;5.140585819;11.09418556;2.158155889
P1_Ctrl_147721_left;PTEN#17;14795;4.158885984;9.124380196;2.193948146
P1_Ctrl_147721_left;Hom#25;1476;1.908712586;0.910279498;0.476907579
P1_Ctrl_147721_left;Hom#26;2915;3.725390813;1.797740336;0.482564227
P1_Ctrl_147721_left;Hom#27;1701;2.687670063;1.049041616;0.390316368
P1_Ctrl_147721_left;V654A#29;3961;4.647068239;2.442830007;0.525671215
P1_Ctrl_147721_left;V654A#30;4369;3.419943446;2.694451982;0.787864485
P1_Ctrl_147721_left;V654A#39;1614;2.53961479;0.99538693;0.39194406
P1_Ctrl_147721_left;D816E#24;1467;2.41690231;0.904729013;0.374334126
P1_Ctrl_147721_left;D816E#34;568;1.828682708;0.350297259;0.191557156
P1_Ctrl_147721_left;D816E#36;5517;12.48065945;3.402447147;0.272617578
P1_Ctrl_147721_left;D816A#10;8138;4.324281065;5.018871648;1.160625679
P1_Ctrl_147721_left;D816A#11;2307;1.914047911;1.422774256;0.743332624
P1_Ctrl_147721_left;D816A#13;676;5.859520888;0.416903076;0.071149687
P1_Ctrl_147721_left;A829P#21;367;1.63527717;0.226336433;0.138408606
P1_Ctrl_147721_left;A829P#22;664;2.38622419;0.40950243;0.171611046
P1_Ctrl_147721_left;A829P#28;297;2.120791762;0.183165996;0.086366799
P1_Ctrl_147721_right;T1parental#4;1416;0.598890252;1.09863679;1.834454286
P1_Ctrl_147721_right;T1parental#6;20785;5.352664995;16.12652944;3.012803801
P1_Ctrl_147721_right;T1parental#9;26747;6.815877928;20.75228689;3.044697559
P1_Ctrl_147721_right;TSC2#18;4301;8.260417222;3.337031663;0.403978585
P1_Ctrl_147721_right;TSC2#19;18;0.232086646;0.013965722;0.060174604
P1_Ctrl_147721_right;TSC2#20;15760;12.47265646;12.22776541;0.980365766
P1_Ctrl_147721_right;PTEN#15;4133;3.073147308;3.206684926;1.043453048
P1_Ctrl_147721_right;PTEN#16;15598;5.140585819;12.10207391;2.354220771
P1_Ctrl_147721_right;PTEN#17;9897;4.158885984;7.678819431;1.846364498
P1_Ctrl_147721_right;Hom#25;1434;1.908712586;1.112602512;0.582907306
P1_Ctrl_147721_right;Hom#26;2562;3.725390813;1.987787752;0.533578315
P1_Ctrl_147721_right;Hom#27;1586;2.687670063;1.230535275;0.457844619
P1_Ctrl_147721_right;V654A#29;4453;4.647068239;3.454964426;0.743471851
P1_Ctrl_147721_right;V654A#30;4366;3.419943446;3.387463437;0.990502764
P1_Ctrl_147721_right;V654A#39;1250;2.53961479;0.969841799;0.381885396
P1_Ctrl_147721_right;D816E#24;1094;2.41690231;0.848805543;0.351195636
P1_Ctrl_147721_right;D816E#34;475;1.828682708;0.368539884;0.201532984
P1_Ctrl_147721_right;D816E#36;4215;12.48065945;3.270306548;0.262029948
P1_Ctrl_147721_right;D816A#10;5874;4.324281065;4.557480584;1.053927928
P1_Ctrl_147721_right;D816A#11;1437;1.914047911;1.114930133;0.58249855
P1_Ctrl_147721_right;D816A#13;529;5.859520888;0.41043705;0.070046179
P1_Ctrl_147721_right;A829P#21;227;1.63527717;0.176123271;0.107702397
P1_Ctrl_147721_right;A829P#22;466;2.38622419;0.361557023;0.151518463
P1_Ctrl_147721_right;A829P#28;264;2.120791762;0.204830588;0.096582131
P1_Ctrl_148883_left;T1parental#4;2689;0.598890252;1.661497016;2.774292968
P1_Ctrl_148883_left;T1parental#6;29262;5.352664995;18.08059713;3.377868247
P1_Ctrl_148883_left;T1parental#9;33019;6.815877928;20.40199701;2.993304344
P1_Ctrl_148883_left;TSC2#18;5362;8.260417222;3.313107846;0.401082386
P1_Ctrl_148883_left;TSC2#19;7;0.232086646;0.004325206;0.018636169
P1_Ctrl_148883_left;TSC2#20;17281;12.47265646;10.677698;0.85608852
P1_Ctrl_148883_left;PTEN#15;6289;3.073147308;3.885888706;1.264465486
P1_Ctrl_148883_left;PTEN#16;17641;5.140585819;10.90013717;2.120407587
P1_Ctrl_148883_left;PTEN#17;20408;4.158885984;12.60982934;3.032020928
P1_Ctrl_148883_left;Hom#25;2633;1.908712586;1.626895367;0.852352197
P1_Ctrl_148883_left;Hom#26;4239;3.725390813;2.619221216;0.703072871
P1_Ctrl_148883_left;Hom#27;2466;2.687670063;1.523708308;0.566925356
P1_Ctrl_148883_left;V654A#29;1333;4.647068239;0.823642812;0.177239233
P1_Ctrl_148883_left;V654A#30;1470;3.419943446;0.908293274;0.26558722
P1_Ctrl_148883_left;V654A#39;784;2.53961479;0.484423079;0.190746676
P1_Ctrl_148883_left;D816E#24;1058;2.41690231;0.653724002;0.27048011
P1_Ctrl_148883_left;D816E#34;350;1.828682708;0.216260303;0.118260156
P1_Ctrl_148883_left;D816E#36;4222;12.48065945;2.608717144;0.209020778
P1_Ctrl_148883_left;D816A#10;7134;4.324281065;4.408002867;1.01936086
P1_Ctrl_148883_left;D816A#11;2110;1.914047911;1.303740685;0.681143182
P1_Ctrl_148883_left;D816A#13;805;5.859520888;0.497398697;0.084887264
P1_Ctrl_148883_left;A829P#21;341;1.63527717;0.210699324;0.128846246
P1_Ctrl_148883_left;A829P#22;649;2.38622419;0.401008391;0.168051431
P1_Ctrl_148883_left;A829P#28;290;2.120791762;0.179187108;0.084490666
P1_Ctrl_148883_right;T1parental#4;3003;0.598890252;1.334494665;2.228279154
P1_Ctrl_148883_right;T1parental#6;37414;5.352664995;16.6263015;3.106172629
P1_Ctrl_148883_right;T1parental#9;47771;6.815877928;21.2288194;3.114612618
P1_Ctrl_148883_right;TSC2#18;7683;8.260417222;3.414226611;0.413323749
P1_Ctrl_148883_right;TSC2#19;7;0.232086646;0.00311071;0.013403228
P1_Ctrl_148883_right;TSC2#20;27476;12.47265646;12.20998182;0.978939961
P1_Ctrl_148883_right;PTEN#15;8521;3.073147308;3.786623057;1.232164513
P1_Ctrl_148883_right;PTEN#16;30732;5.140585819;13.65690644;2.656682901
P1_Ctrl_148883_right;PTEN#17;30016;4.158885984;13.33872523;3.20728322
P1_Ctrl_148883_right;Hom#25;3367;1.908712586;1.496251594;0.783906181
P1_Ctrl_148883_right;Hom#26;4254;3.725390813;1.890423012;0.507442872
P1_Ctrl_148883_right;Hom#27;3578;2.687670063;1.590017287;0.591596903
P1_Ctrl_148883_right;V654A#29;670;4.647068239;0.297739402;0.064070375
P1_Ctrl_148883_right;V654A#30;739;3.419943446;0.328402117;0.096025599
P1_Ctrl_148883_right;V654A#39;301;2.53961479;0.133760538;0.052669617
P1_Ctrl_148883_right;D816E#24;1237;2.41690231;0.549706927;0.227442758
P1_Ctrl_148883_right;D816E#34;208;1.828682708;0.092432531;0.050545964
P1_Ctrl_148883_right;D816E#36;4832;12.48065945;2.147278795;0.172048505
P1_Ctrl_148883_right;D816A#10;8362;4.324281065;3.715965498;0.859325618
P1_Ctrl_148883_right;D816A#11;2119;1.914047911;0.941656409;0.49197118
P1_Ctrl_148883_right;D816A#13;1218;5.859520888;0.54126357;0.092373349
P1_Ctrl_148883_right;A829P#21;371;1.63527717;0.164867639;0.100819385
P1_Ctrl_148883_right;A829P#22;794;2.38622419;0.352843411;0.147866832
P1_Ctrl_148883_right;A829P#28;356;2.120791762;0.158201832;0.074595646
P1_IM+Tram_147723_left;T1parental#4;237;0.598890252;0.239488283;0.399886761
P1_IM+Tram_147723_left;T1parental#6;2230;5.352664995;2.253412961;0.420988977
P1_IM+Tram_147723_left;T1parental#9;4095;6.815877928;4.137993755;0.607110896
P1_IM+Tram_147723_left;TSC2#18;2895;8.260417222;2.925394853;0.354146137
P1_IM+Tram_147723_left;TSC2#19;65;0.232086646;0.065682441;0.283008272
P1_IM+Tram_147723_left;TSC2#20;9644;12.47265646;9.745253181;0.781329399
P1_IM+Tram_147723_left;PTEN#15;2354;3.073147308;2.378714847;0.774032159
P1_IM+Tram_147723_left;PTEN#16;3947;5.140585819;3.98843989;0.77587264
P1_IM+Tram_147723_left;PTEN#17;3076;4.158885984;3.108295187;0.747386487
P1_IM+Tram_147723_left;Hom#25;1416;1.908712586;1.430866705;0.749650165
P1_IM+Tram_147723_left;Hom#26;2262;3.725390813;2.285748931;0.613559502
P1_IM+Tram_147723_left;Hom#27;2480;2.687670063;2.506037732;0.932420153
P1_IM+Tram_147723_left;V654A#29;2033;4.647068239;2.054344641;0.442073268
P1_IM+Tram_147723_left;V654A#30;2320;3.419943446;2.344357878;0.685496095
P1_IM+Tram_147723_left;V654A#39;909;2.53961479;0.918543669;0.361686218
P1_IM+Tram_147723_left;D816E#24;8050;2.41690231;8.134517638;3.365679119
P1_IM+Tram_147723_left;D816E#34;3687;1.828682708;3.725710128;2.03737374
P1_IM+Tram_147723_left;D816E#36;35930;12.48065945;36.30723214;2.909079628
P1_IM+Tram_147723_left;D816A#10;3601;4.324281065;3.638807207;0.841482585
P1_IM+Tram_147723_left;D816A#11;1757;1.914047911;1.775446893;0.927587488
P1_IM+Tram_147723_left;D816A#13;1066;5.859520888;1.077192025;0.183836195
P1_IM+Tram_147723_left;A829P#21;954;1.63527717;0.964016128;0.589512375
P1_IM+Tram_147723_left;A829P#22;2071;2.38622419;2.092743606;0.877010473
P1_IM+Tram_147723_left;A829P#28;1882;2.120791762;1.901759279;0.896721363
P1_IM+Tram_147723_right;T1parental#4;175;0.598890252;0.115474203;0.192813629
P1_IM+Tram_147723_right;T1parental#6;2477;5.352664995;1.634454863;0.305353476
P1_IM+Tram_147723_right;T1parental#9;2509;6.815877928;1.655570146;0.242899031
P1_IM+Tram_147723_right;TSC2#18;3050;8.260417222;2.012550396;0.243637863
P1_IM+Tram_147723_right;TSC2#19;13;0.232086646;0.008578084;0.036960695
P1_IM+Tram_147723_right;TSC2#20;13281;12.47265646;8.763502234;0.702617142
P1_IM+Tram_147723_right;PTEN#15;1724;3.073147308;1.137585863;0.37016965
P1_IM+Tram_147723_right;PTEN#16;4002;5.140585819;2.640730061;0.513702164
P1_IM+Tram_147723_right;PTEN#17;2592;4.158885984;1.710337911;0.41124905
P1_IM+Tram_147723_right;Hom#25;1584;1.908712586;1.045206501;0.547597636
P1_IM+Tram_147723_right;Hom#26;1395;3.725390813;0.920494362;0.247086657
P1_IM+Tram_147723_right;Hom#27;1383;2.687670063;0.91257613;0.339541725
P1_IM+Tram_147723_right;V654A#29;8145;4.647068239;5.374499337;1.156535489
P1_IM+Tram_147723_right;V654A#30;6801;3.419943446;4.487657457;1.312202242
P1_IM+Tram_147723_right;V654A#39;2601;2.53961479;1.716276584;0.675801933
P1_IM+Tram_147723_right;D816E#24;17138;2.41690231;11.30855367;4.678945285
P1_IM+Tram_147723_right;D816E#34;5345;1.828682708;3.526912088;1.928662677
P1_IM+Tram_147723_right;D816E#36;60185;12.48065945;39.71322806;3.181981548
P1_IM+Tram_147723_right;D816A#10;7250;4.324281065;4.78393127;1.106295173
P1_IM+Tram_147723_right;D816A#11;2482;1.914047911;1.637754126;0.855649493
P1_IM+Tram_147723_right;D816A#13;3805;5.859520888;2.510739101;0.428488805
P1_IM+Tram_147723_right;A829P#21;845;1.63527717;0.557575438;0.340966931
P1_IM+Tram_147723_right;A829P#22;1763;2.38622419;1.163320114;0.487515012
P1_IM+Tram_147723_right;A829P#28;1004;2.120791762;0.662491999;0.312379561
P1_IM_145318_left;T1parental#4;99;0.598890252;0.431541781;0.720569051
P1_IM_145318_left;T1parental#6;1260;5.352664995;5.492349941;1.026096336
P1_IM_145318_left;T1parental#9;1565;6.815877928;6.821847348;1.000875811
P1_IM_145318_left;TSC2#18;1518;8.260417222;6.616973977;0.801045976
P1_IM_145318_left;TSC2#19;4;0.232086646;0.017436032;0.07512725
P1_IM_145318_left;TSC2#20;5458;12.47265646;23.79146506;1.907489807
P1_IM_145318_left;PTEN#15;401;3.073147308;1.747962164;0.568785674
P1_IM_145318_left;PTEN#16;2372;5.140585819;10.33956671;2.011359615
P1_IM_145318_left;PTEN#17;935;4.158885984;4.075672377;0.979991371
P1_IM_145318_left;Hom#25;578;1.908712586;2.51950656;1.320003116
P1_IM_145318_left;Hom#26;746;3.725390813;3.251819886;0.872880202
P1_IM_145318_left;Hom#27;577;2.687670063;2.515147552;0.935809639
P1_IM_145318_left;V654A#29;299;4.647068239;1.303343359;0.280465724
P1_IM_145318_left;V654A#30;275;3.419943446;1.19872717;0.350510817
P1_IM_145318_left;V654A#39;100;2.53961479;0.435900789;0.171640514
P1_IM_145318_left;D816E#24;789;2.41690231;3.439257225;1.423002167
P1_IM_145318_left;D816E#34;209;1.828682708;0.911032649;0.498190662
P1_IM_145318_left;D816E#36;2625;12.48065945;11.44239571;0.916810186
P1_IM_145318_left;D816A#10;1670;4.324281065;7.279543176;1.6834112
P1_IM_145318_left;D816A#11;669;1.914047911;2.916176278;1.523564933
P1_IM_145318_left;D816A#13;552;5.859520888;2.406172355;0.410643191
P1_IM_145318_left;A829P#21;68;1.63527717;0.296412537;0.181261343
P1_IM_145318_left;A829P#22;111;2.38622419;0.483849876;0.202767987
P1_IM_145318_left;A829P#28;61;2.120791762;0.265899481;0.125377459
P1_IM_145318_right;T1parental#4;567;0.598890252;0.313410313;0.523318441
P1_IM_145318_right;T1parental#6;9155;5.352664995;5.060443418;0.945406339
P1_IM_145318_right;T1parental#9;10325;6.815877928;5.707163112;0.837333528
P1_IM_145318_right;TSC2#18;9118;8.260417222;5.039991598;0.610137656
P1_IM_145318_right;TSC2#19;17;0.232086646;0.009396782;0.040488249
P1_IM_145318_right;TSC2#20;39957;12.47265646;22.08630668;1.770778082
P1_IM_145318_right;PTEN#15;3745;3.073147308;2.070055773;0.673594711
P1_IM_145318_right;PTEN#16;17580;5.140585819;9.717377966;1.890325015
P1_IM_145318_right;PTEN#17;8052;4.158885984;4.450758099;1.07018036
P1_IM_145318_right;Hom#25;5750;1.908712586;3.178323282;1.66516599
P1_IM_145318_right;Hom#26;6299;3.725390813;3.481784062;0.934609075
P1_IM_145318_right;Hom#27;4852;2.687670063;2.681952099;0.99787252
P1_IM_145318_right;V654A#29;2264;4.647068239;1.251430245;0.269294571
P1_IM_145318_right;V654A#30;1888;3.419943446;1.04359554;0.305149941
P1_IM_145318_right;V654A#39;846;2.53961479;0.467628086;0.184133471
P1_IM_145318_right;D816E#24;8314;2.41690231;4.595579091;1.90143353
P1_IM_145318_right;D816E#34;2161;1.828682708;1.194496802;0.653200688
P1_IM_145318_right;D816E#36;28419;12.48065945;15.70865554;1.258639867
P1_IM_145318_right;D816A#10;11794;4.324281065;6.519155616;1.507569818
P1_IM_145318_right;D816A#11;3947;1.914047911;2.181711651;1.139841714
P1_IM_145318_right;D816A#13;4028;5.859520888;2.226484553;0.379977236
P1_IM_145318_right;A829P#21;532;1.63527717;0.294063998;0.179825172
P1_IM_145318_right;A829P#22;851;2.38622419;0.470391846;0.197128102
P1_IM_145318_right;A829P#28;452;2.120791762;0.249843848;0.117806874
P1_IM_145319_left;T1parental#4;543;0.598890252;0.479351683;0.800399876
P1_IM_145319_left;T1parental#6;7665;5.352664995;6.766538957;1.264143929
P1_IM_145319_left;T1parental#9;9507;6.815877928;8.392626988;1.231334698
P1_IM_145319_left;TSC2#18;6935;8.260417222;6.122106676;0.741137707
P1_IM_145319_left;TSC2#19;10;0.232086646;0.008827839;0.038036826
P1_IM_145319_left;TSC2#20;25953;12.47265646;22.91089179;1.836889508
P1_IM_145319_left;PTEN#15;2769;3.073147308;2.444428751;0.795415418
P1_IM_145319_left;PTEN#16;12140;5.140585819;10.71699712;2.084781288
P1_IM_145319_left;PTEN#17;5005;4.158885984;4.418333657;1.062383935
P1_IM_145319_left;Hom#25;3104;1.908712586;2.740161373;1.435607117
P1_IM_145319_left;Hom#26;4258;3.725390813;3.758894048;1.008993214
P1_IM_145319_left;Hom#27;2777;2.687670063;2.451491022;0.912124987
P1_IM_145319_left;V654A#29;785;4.647068239;0.692985399;0.149123138
P1_IM_145319_left;V654A#30;815;3.419943446;0.719468917;0.210374507
P1_IM_145319_left;V654A#39;358;2.53961479;0.316036653;0.124442752
P1_IM_145319_left;D816E#24;3926;2.41690231;3.465809778;1.433988359
P1_IM_145319_left;D816E#34;885;1.828682708;0.781263793;0.427227638
P1_IM_145319_left;D816E#36;13809;12.48065945;12.19036353;0.976740338
P1_IM_145319_left;D816A#10;6532;4.324281065;5.766344745;1.333480562
P1_IM_145319_left;D816A#11;2358;1.914047911;2.081604548;1.087540461
P1_IM_145319_left;D816A#13;1949;5.859520888;1.720545914;0.293632525
P1_IM_145319_left;A829P#21;320;1.63527717;0.282490863;0.172748002
P1_IM_145319_left;A829P#22;573;2.38622419;0.505835202;0.211981424
P1_IM_145319_left;A829P#28;302;2.120791762;0.266600752;0.125708123
P1_IM_145319_right;T1parental#4;1991;0.598890252;0.366272064;0.611584615
P1_IM_145319_right;T1parental#6;31538;5.352664995;5.801852516;1.083918482
P1_IM_145319_right;T1parental#9;40268;6.815877928;7.407857097;1.086852959
P1_IM_145319_right;TSC2#18;35332;8.260417222;6.499811437;0.786862366
P1_IM_145319_right;TSC2#19;102;0.232086646;0.018764315;0.080850471
P1_IM_145319_right;TSC2#20;119972;12.47265646;22.07051335;1.769511846
P1_IM_145319_right;PTEN#15;12001;3.073147308;2.207750398;0.718400446
P1_IM_145319_right;PTEN#16;49217;5.140585819;9.054149765;1.761306996
P1_IM_145319_right;PTEN#17;22797;4.158885984;4.193824333;1.008400891
P1_IM_145319_right;Hom#25;15359;1.908712586;2.825501072;1.480317724
P1_IM_145319_right;Hom#26;18246;3.725390813;3.356604763;0.90100742
P1_IM_145319_right;Hom#27;13993;2.687670063;2.574206426;0.957783643
P1_IM_145319_right;V654A#29;7956;4.647068239;1.463616546;0.314954821
P1_IM_145319_right;V654A#30;7513;3.419943446;1.382120552;0.404135499
P1_IM_145319_right;V654A#39;2185;2.53961479;0.401961055;0.158276388
P1_IM_145319_right;D816E#24;23157;2.41690231;4.260051326;1.762607991
P1_IM_145319_right;D816E#34;5524;1.828682708;1.016216415;0.555709534
P1_IM_145319_right;D816E#36;80498;12.48065945;14.80872357;1.186533743
P1_IM_145319_right;D816A#10;33207;4.324281065;6.108888214;1.412694532
P1_IM_145319_right;D816A#11;9197;1.914047911;1.691915708;0.883946372
P1_IM_145319_right;D816A#13;8228;5.859520888;1.513654718;0.258323973
P1_IM_145319_right;A829P#21;1534;1.63527717;0.282200576;0.172570486
P1_IM_145319_right;A829P#22;2296;2.38622419;0.422381044;0.177008114
P1_IM_145319_right;A829P#28;1474;2.120791762;0.271162744;0.127859203
P1_IM_145325_left;T1parental#4;203;0.598890252;0.163503979;0.273011588
P1_IM_145325_left;T1parental#6;2741;5.352664995;2.207706434;0.412449955
P1_IM_145325_left;T1parental#9;3691;6.815877928;2.972872837;0.436168733
P1_IM_145325_left;TSC2#18;9576;8.260417222;7.712877348;0.933715228
P1_IM_145325_left;TSC2#19;13;0.232086646;0.010470698;0.04511547
P1_IM_145325_left;TSC2#20;28157;12.47265646;22.67872676;1.818275589
P1_IM_145325_left;PTEN#15;1751;3.073147308;1.410322498;0.458917961
P1_IM_145325_left;PTEN#16;9308;5.140585819;7.497019878;1.458397961
P1_IM_145325_left;PTEN#17;3570;4.158885984;2.875414801;0.69139063
P1_IM_145325_left;Hom#25;4709;1.908712586;3.792809047;1.987103283
P1_IM_145325_left;Hom#26;3347;3.725390813;2.695802055;0.723629329
P1_IM_145325_left;Hom#27;3752;2.687670063;3.022004575;1.124395667
P1_IM_145325_left;V654A#29;3550;4.647068239;2.859306034;0.615292457
P1_IM_145325_left;V654A#30;3134;3.419943446;2.524243693;0.738095157
P1_IM_145325_left;V654A#39;1220;2.53961479;0.98263475;0.386922755
P1_IM_145325_left;D816E#24;5732;2.41690231;4.616772448;1.91020234
P1_IM_145325_left;D816E#34;2235;1.828682708;1.800154644;0.984399664
P1_IM_145325_left;D816E#36;17109;12.48065945;13.78024421;1.104127892
P1_IM_145325_left;D816A#10;12237;4.324281065;9.856148716;2.279257192
P1_IM_145325_left;D816A#11;2851;1.914047911;2.296304649;1.199711165
P1_IM_145325_left;D816A#13;3381;5.859520888;2.723186958;0.46474567
P1_IM_145325_left;A829P#21;536;1.63527717;0.431714939;0.26400108
P1_IM_145325_left;A829P#22;909;2.38622419;0.732143432;0.306820891
P1_IM_145325_left;A829P#28;444;2.120791762;0.357614614;0.168623162
P1_IM_145325_right;T1parental#4;242;0.598890252;0.163492525;0.272992462
P1_IM_145325_right;T1parental#6;3377;5.352664995;2.281463866;0.426229526
P1_IM_145325_right;T1parental#9;4174;6.815877928;2.819908255;0.413726344
P1_IM_145325_right;TSC2#18;10719;8.260417222;7.241637898;0.876667328
P1_IM_145325_right;TSC2#19;4;0.232086646;0.002702356;0.011643737
P1_IM_145325_right;TSC2#20;34007;12.47265646;22.97475324;1.842009625
P1_IM_145325_right;PTEN#15;1800;3.073147308;1.2160601;0.395705112
P1_IM_145325_right;PTEN#16;11252;5.140585819;7.601726805;1.478766637
P1_IM_145325_right;PTEN#17;4599;4.158885984;3.107033557;0.74708313
P1_IM_145325_right;Hom#25;6009;1.908712586;4.059613968;2.126885943
P1_IM_145325_right;Hom#26;3182;3.725390813;2.149724022;0.577046578
P1_IM_145325_right;Hom#27;4695;2.687670063;3.171890095;1.180163495
P1_IM_145325_right;V654A#29;4217;4.647068239;2.84895858;0.613065794
P1_IM_145325_right;V654A#30;4166;3.419943446;2.814503543;0.822967861
P1_IM_145325_right;V654A#39;1604;2.53961479;1.083644667;0.426696471
P1_IM_145325_right;D816E#24;6936;2.41690231;4.68588492;1.938797816
P1_IM_145325_right;D816E#34;2474;1.828682708;1.671407049;0.913995108
P1_IM_145325_right;D816E#36;19952;12.48065945;13.47935062;1.080019103
P1_IM_145325_right;D816A#10;15191;4.324281065;10.26287166;2.373312813
P1_IM_145325_right;D816A#11;3512;1.914047911;2.372668374;1.239607619
P1_IM_145325_right;D816A#13;3628;5.859520888;2.451036691;0.418299847
P1_IM_145325_right;A829P#21;606;1.63527717;0.4094069;0.250359332
P1_IM_145325_right;A829P#22;1061;2.38622419;0.71679987;0.300390832
P1_IM_145325_right;A829P#28;612;2.120791762;0.413460434;0.194955696
P1_Prepool;T1parental#4;449;0.598890252;0.598890252;1
P1_Prepool;T1parental#6;4013;5.352664995;5.352664995;1
P1_Prepool;T1parental#9;5110;6.815877928;6.815877928;1
P1_Prepool;TSC2#18;6193;8.260417222;8.260417222;1
P1_Prepool;TSC2#19;174;0.232086646;0.232086646;1
P1_Prepool;TSC2#20;9351;12.47265646;12.47265646;1
P1_Prepool;PTEN#15;2304;3.073147308;3.073147308;1
P1_Prepool;PTEN#16;3854;5.140585819;5.140585819;1
P1_Prepool;PTEN#17;3118;4.158885984;4.158885984;1
P1_Prepool;Hom#25;1431;1.908712586;1.908712586;1
P1_Prepool;Hom#26;2793;3.725390813;3.725390813;1
P1_Prepool;Hom#27;2015;2.687670063;2.687670063;1
P1_Prepool;V654A#29;3484;4.647068239;4.647068239;1
P1_Prepool;V654A#30;2564;3.419943446;3.419943446;1
P1_Prepool;V654A#39;1904;2.53961479;2.53961479;1
P1_Prepool;D816E#24;1812;2.41690231;2.41690231;1
P1_Prepool;D816E#34;1371;1.828682708;1.828682708;1
P1_Prepool;D816E#36;9357;12.48065945;12.48065945;1
P1_Prepool;D816A#10;3242;4.324281065;4.324281065;1
P1_Prepool;D816A#11;1435;1.914047911;1.914047911;1
P1_Prepool;D816A#13;4393;5.859520888;5.859520888;1
P1_Prepool;A829P#21;1226;1.63527717;1.63527717;1
P1_Prepool;A829P#22;1789;2.38622419;2.38622419;1
P1_Prepool;A829P#28;1590;2.120791762;2.120791762;1
P1_SU+Tram_147724_left;T1parental#4;519;0.598890252;0.235840483;0.393795828
P1_SU+Tram_147724_left;T1parental#6;9510;5.352664995;4.321470118;0.807349259
P1_SU+Tram_147724_left;T1parental#9;9630;6.815877928;4.375999709;0.642030235
P1_SU+Tram_147724_left;TSC2#18;10658;8.260417222;4.843136542;0.586306528
P1_SU+Tram_147724_left;TSC2#19;17;0.232086646;0.007725025;0.033285092
P1_SU+Tram_147724_left;TSC2#20;38088;12.47265646;17.30769231;1.387650848
P1_SU+Tram_147724_left;PTEN#15;2568;3.073147308;1.166933256;0.379719271
P1_SU+Tram_147724_left;PTEN#16;8570;5.140585819;3.894321652;0.757563785
P1_SU+Tram_147724_left;PTEN#17;3928;4.158885984;1.784935292;0.429185916
P1_SU+Tram_147724_left;Hom#25;4508;1.908712586;2.048494983;1.073233864
P1_SU+Tram_147724_left;Hom#26;3365;3.725390813;1.529100625;0.410453749
P1_SU+Tram_147724_left;Hom#27;5210;2.687670063;2.367493093;0.880871921
P1_SU+Tram_147724_left;V654A#29;1502;4.647068239;0.682528719;0.146872971
P1_SU+Tram_147724_left;V654A#30;1439;3.419943446;0.653900683;0.191202192
P1_SU+Tram_147724_left;V654A#39;654;2.53961479;0.297186273;0.117020217
P1_SU+Tram_147724_left;D816E#24;15590;2.41690231;7.084302748;2.93114981
P1_SU+Tram_147724_left;D816E#34;3037;1.828682708;1.380053075;0.754670599
P1_SU+Tram_147724_left;D816E#36;61876;12.48065945;28.11727497;2.252867735
P1_SU+Tram_147724_left;D816A#10;18784;4.324281065;8.535698706;1.973900072
P1_SU+Tram_147724_left;D816A#11;9611;1.914047911;4.367365857;2.281743227
P1_SU+Tram_147724_left;D816A#13;5359;5.859520888;2.435200669;0.415597233
P1_SU+Tram_147724_left;A829P#21;1462;1.63527717;0.664352188;0.406262743
P1_SU+Tram_147724_left;A829P#22;2576;2.38622419;1.170568562;0.490552634
P1_SU+Tram_147724_left;A829P#28;1603;2.120791762;0.728424458;0.343468167
P1_SU+Tram_147724_right;T1parental#4;290;0.598890252;0.505402579;0.843898489
P1_SU+Tram_147724_right;T1parental#6;3042;5.352664995;5.30149878;0.990440983
P1_SU+Tram_147724_right;T1parental#9;4771;6.815877928;8.314743813;1.219907971
P1_SU+Tram_147724_right;TSC2#18;2668;8.260417222;4.64970373;0.562889695
P1_SU+Tram_147724_right;TSC2#19;99;0.232086646;0.172533984;0.743403324
P1_SU+Tram_147724_right;TSC2#20;9186;12.47265646;16.00906239;1.283532698
P1_SU+Tram_147724_right;PTEN#15;1696;3.073147308;2.955733705;0.961793695
P1_SU+Tram_147724_right;PTEN#16;2492;5.140585819;4.342976647;0.844840802
P1_SU+Tram_147724_right;PTEN#17;2104;4.158885984;3.666782851;0.881674291
P1_SU+Tram_147724_right;Hom#25;943;1.908712586;1.643429766;0.86101479
P1_SU+Tram_147724_right;Hom#26;1846;3.725390813;3.217148832;0.863573513
P1_SU+Tram_147724_right;Hom#27;2315;2.687670063;4.034506797;1.501116842
P1_SU+Tram_147724_right;V654A#29;661;4.647068239;1.151969327;0.247891631
P1_SU+Tram_147724_right;V654A#30;1043;3.419943446;1.817706518;0.531501923
P1_SU+Tram_147724_right;V654A#39;248;2.53961479;0.432206344;0.170185788
P1_SU+Tram_147724_right;D816E#24;2312;2.41690231;4.029278494;1.667125095
P1_SU+Tram_147724_right;D816E#34;1986;1.828682708;3.461136284;1.892693724
P1_SU+Tram_147724_right;D816E#36;11077;12.48065945;19.30463576;1.546764083
P1_SU+Tram_147724_right;D816A#10;2661;4.324281065;4.637504357;1.072433611
P1_SU+Tram_147724_right;D816A#11;1080;1.914047911;1.882188916;0.983355174
P1_SU+Tram_147724_right;D816A#13;493;5.859520888;0.859184385;0.146630484
P1_SU+Tram_147724_right;A829P#21;556;1.63527717;0.968978738;0.592547096
P1_SU+Tram_147724_right;A829P#22;1414;2.38622419;2.464273266;1.032708191
P1_SU+Tram_147724_right;A829P#28;2397;2.120791762;4.177413733;1.969742531
P1_SU+Tram_148886_left;T1parental#4;229;0.598890252;0.277612773;0.463545318
P1_SU+Tram_148886_left;T1parental#6;2528;5.352664995;3.064651044;0.572546768
P1_SU+Tram_148886_left;T1parental#9;2861;6.815877928;3.468341233;0.508861994
P1_SU+Tram_148886_left;TSC2#18;3293;8.260417222;3.992047425;0.483274309
P1_SU+Tram_148886_left;TSC2#19;0;0.232086646;0;0
P1_SU+Tram_148886_left;TSC2#20;13054;12.47265646;15.82514032;1.268786675
P1_SU+Tram_148886_left;PTEN#15;445;3.073147308;0.539465868;0.175541819
P1_SU+Tram_148886_left;PTEN#16;3041;5.140585819;3.686552146;0.717146309
P1_SU+Tram_148886_left;PTEN#17;1447;4.158885984;1.754173284;0.421789222
P1_SU+Tram_148886_left;Hom#25;1171;1.908712586;1.419583217;0.743738595
P1_SU+Tram_148886_left;Hom#26;1641;3.725390813;1.989356157;0.533999319
P1_SU+Tram_148886_left;Hom#27;1271;2.687670063;1.540811502;0.573288933
P1_SU+Tram_148886_left;V654A#29;961;4.647068239;1.165003819;0.250696516
P1_SU+Tram_148886_left;V654A#30;700;3.419943446;0.848597995;0.248132172
P1_SU+Tram_148886_left;V654A#39;263;2.53961479;0.31883039;0.125542815
P1_SU+Tram_148886_left;D816E#24;5536;2.41690231;6.711197857;2.776776632
P1_SU+Tram_148886_left;D816E#34;1335;1.828682708;1.618397605;0.885007332
P1_SU+Tram_148886_left;D816E#36;30580;12.48065945;37.07160955;2.970324582
P1_SU+Tram_148886_left;D816A#10;5475;4.324281065;6.637248603;1.534879094
P1_SU+Tram_148886_left;D816A#11;2208;1.914047911;2.676720532;1.39846057
P1_SU+Tram_148886_left;D816A#13;1801;5.859520888;2.183321413;0.37261091
P1_SU+Tram_148886_left;A829P#21;768;1.63527717;0.931033229;0.569342767
P1_SU+Tram_148886_left;A829P#22;1110;2.38622419;1.345633963;0.563917661
P1_SU+Tram_148886_left;A829P#28;771;2.120791762;0.934670077;0.440717516
P1_SU+Tram_148886_right;T1parental#4;418;0.598890252;0.268735977;0.448723244
P1_SU+Tram_148886_right;T1parental#6;6035;5.352664995;3.879956025;0.724864349
P1_SU+Tram_148886_right;T1parental#9;6512;6.815877928;4.186623635;0.614245689
P1_SU+Tram_148886_right;TSC2#18;6443;8.260417222;4.142262911;0.501459285
P1_SU+Tram_148886_right;TSC2#19;47;0.232086646;0.030216725;0.130195878
P1_SU+Tram_148886_right;TSC2#20;17271;12.47265646;11.10368194;0.890241945
P1_SU+Tram_148886_right;PTEN#15;1948;3.073147308;1.2523868;0.407525795
P1_SU+Tram_148886_right;PTEN#16;6147;5.140585819;3.951961837;0.768776551
P1_SU+Tram_148886_right;PTEN#17;2786;4.158885984;1.791144571;0.430678931
P1_SU+Tram_148886_right;Hom#25;3613;1.908712586;2.322830343;1.21696182
P1_SU+Tram_148886_right;Hom#26;2619;3.725390813;1.683778762;0.451973725
P1_SU+Tram_148886_right;Hom#27;3596;2.687670063;2.311900889;0.860187759
P1_SU+Tram_148886_right;V654A#29;986;4.647068239;0.633908308;0.136410372
P1_SU+Tram_148886_right;V654A#30;862;3.419943446;0.554187588;0.162045834
P1_SU+Tram_148886_right;V654A#39;377;2.53961479;0.242376706;0.095438374
P1_SU+Tram_148886_right;D816E#24;14991;2.41690231;9.637849341;3.987686759
P1_SU+Tram_148886_right;D816E#34;2246;1.828682708;1.443973692;0.789625059
P1_SU+Tram_148886_right;D816E#36;56080;12.48065945;36.05433867;2.888816799
P1_SU+Tram_148886_right;D816A#10;9800;4.324281065;6.300508541;1.457007176
P1_SU+Tram_148886_right;D816A#11;4396;1.914047911;2.826228117;1.47657125
P1_SU+Tram_148886_right;D816A#13;3356;5.859520888;2.157602721;0.368221696
P1_SU+Tram_148886_right;A829P#21;1012;1.63527717;0.650623943;0.397867686
P1_SU+Tram_148886_right;A829P#22;2732;2.38622419;1.756427483;0.736069767
P1_SU+Tram_148886_right;A829P#28;1270;2.120791762;0.816494474;0.384995118
P1_SU_145320_left;T1parental#4;597;0.598890252;0.474521306;0.792334328
P1_SU_145320_left;T1parental#6;8058;5.352664995;6.404845363;1.19657131
P1_SU_145320_left;T1parental#9;9394;6.815877928;7.466755689;1.09549434
P1_SU_145320_left;TSC2#18;7180;8.260417222;5.706973158;0.69088195
P1_SU_145320_left;TSC2#19;3;0.232086646;0.002384529;0.010274306
P1_SU_145320_left;TSC2#20;28204;12.47265646;22.41775361;1.797351967
P1_SU_145320_left;PTEN#15;2084;3.073147308;1.656452933;0.539008634
P1_SU_145320_left;PTEN#16;15104;5.140585819;12.00530955;2.335397166
P1_SU_145320_left;PTEN#17;5141;4.158885984;4.086288162;0.982543926
P1_SU_145320_left;Hom#25;3107;1.908712586;2.469577382;1.293844553
P1_SU_145320_left;Hom#26;2246;3.725390813;1.785217509;0.479202746
P1_SU_145320_left;Hom#27;2801;2.687670063;2.226355406;0.828358896
P1_SU_145320_left;V654A#29;824;4.647068239;0.65495068;0.140938468
P1_SU_145320_left;V654A#30;765;3.419943446;0.60805494;0.177796782
P1_SU_145320_left;V654A#39;339;2.53961479;0.269451797;0.106099475
P1_SU_145320_left;D816E#24;4941;2.41690231;3.927319551;1.624939301
P1_SU_145320_left;D816E#34;1280;1.828682708;1.017399115;0.556356283
P1_SU_145320_left;D816E#36;14102;12.48065945;11.20887681;0.898099724
P1_SU_145320_left;D816A#10;13094;4.324281065;10.407675;2.406798922
P1_SU_145320_left;D816A#11;3631;1.914047911;2.886075144;1.507838507
P1_SU_145320_left;D816A#13;1759;5.859520888;1.398128939;0.238608065
P1_SU_145320_left;A829P#21;297;1.63527717;0.236068388;0.144359863
P1_SU_145320_left;A829P#22;613;2.38622419;0.487238795;0.204188188
P1_SU_145320_left;A829P#28;247;2.120791762;0.196326235;0.092572142
P1_SU_145320_right;T1parental#4;775;0.598890252;0.519054317;0.866693546
P1_SU_145320_right;T1parental#6;10535;5.352664995;7.055789967;1.31818262
P1_SU_145320_right;T1parental#9;13124;6.815877928;8.789766258;1.289601479
P1_SU_145320_right;TSC2#18;8615;8.260417222;5.769874757;0.698496771
P1_SU_145320_right;TSC2#19;5;0.232086646;0.003348738;0.014428825
P1_SU_145320_right;TSC2#20;33107;12.47265646;22.17333065;1.777755262
P1_SU_145320_right;PTEN#15;3324;3.073147308;2.226240707;0.72441718
P1_SU_145320_right;PTEN#16;21433;5.140585819;14.35469828;2.792424596
P1_SU_145320_right;PTEN#17;7243;4.158885984;4.85098118;1.166413602
P1_SU_145320_right;Hom#25;3506;1.908712586;2.348134753;1.230219138
P1_SU_145320_right;Hom#26;3730;3.725390813;2.498158194;0.670576141
P1_SU_145320_right;Hom#27;3180;2.687670063;2.129797067;0.792432485
P1_SU_145320_right;V654A#29;902;4.647068239;0.60411225;0.129998575
P1_SU_145320_right;V654A#30;910;3.419943446;0.60947023;0.178210616
P1_SU_145320_right;V654A#39;300;2.53961479;0.200924252;0.079116035
P1_SU_145320_right;D816E#24;4402;2.41690231;2.948228518;1.219837685
P1_SU_145320_right;D816E#34;950;1.828682708;0.63626013;0.347933585
P1_SU_145320_right;D816E#36;16325;12.48065945;10.93362802;0.876045698
P1_SU_145320_right;D816A#10;9679;4.324281065;6.482486103;1.499089908
P1_SU_145320_right;D816A#11;2958;1.914047911;1.98111312;1.035038417
P1_SU_145320_right;D816A#13;2461;5.859520888;1.64824861;0.281294092
P1_SU_145320_right;A829P#21;504;1.63527717;0.337552743;0.206419284
P1_SU_145320_right;A829P#22;909;2.38622419;0.608800482;0.255131301
P1_SU_145320_right;A829P#28;433;2.120791762;0.29000067;0.136741699
P1_SU_145321_left;T1parental#4;1048;0.598890252;0.516604802;0.862603457
P1_SU_145321_left;T1parental#6;13081;5.352664995;6.448194101;1.204669843
P1_SU_145321_left;T1parental#9;16303;6.815877928;8.036458102;1.179078937
P1_SU_145321_left;TSC2#18;11928;8.260417222;5.87983023;0.711807899
P1_SU_145321_left;TSC2#19;16;0.232086646;0.007887096;0.033983413
P1_SU_145321_left;TSC2#20;43895;12.47265646;21.63775553;1.734815322
P1_SU_145321_left;PTEN#15;4370;3.073147308;2.154163154;0.700963195
P1_SU_145321_left;PTEN#16;32994;5.140585819;16.26417829;3.163876426
P1_SU_145321_left;PTEN#17;11381;4.158885984;5.610190128;1.348964639
P1_SU_145321_left;Hom#25;3188;1.908712586;1.571503921;0.82333188
P1_SU_145321_left;Hom#26;3253;3.725390813;1.60354525;0.430436786
P1_SU_145321_left;Hom#27;3342;2.687670063;1.647417222;0.612953668
P1_SU_145321_left;V654A#29;1337;4.647068239;0.659065478;0.141823929
P1_SU_145321_left;V654A#30;1180;3.419943446;0.581673346;0.170082738
P1_SU_145321_left;V654A#39;497;2.53961479;0.244992926;0.096468538
P1_SU_145321_left;D816E#24;6091;2.41690231;3.002518941;1.242300497
P1_SU_145321_left;D816E#34;1540;1.828682708;0.759133011;0.415125602
P1_SU_145321_left;D816E#36;23052;12.48065945;11.36333388;0.910475438
P1_SU_145321_left;D816A#10;16862;4.324281065;8.312013526;1.922172357
P1_SU_145321_left;D816A#11;3311;1.914047911;1.632135974;0.852714273
P1_SU_145321_left;D816A#13;1656;5.859520888;0.816314459;0.139314199
P1_SU_145321_left;A829P#21;669;1.63527717;0.329779211;0.201665636
P1_SU_145321_left;A829P#22;1249;2.38622419;0.615686448;0.258017017
P1_SU_145321_left;A829P#28;620;2.120791762;0.305624978;0.144108905
P1_SU_145321_right;T1parental#4;1153;0.598890252;0.597737618;0.998075382
P1_SU_145321_right;T1parental#6;17211;5.352664995;8.92251703;1.666929845
P1_SU_145321_right;T1parental#9;19793;6.815877928;10.26107603;1.505466521
P1_SU_145321_right;TSC2#18;14260;8.260417222;7.392661254;0.894950104
P1_SU_145321_right;TSC2#19;5;0.232086646;0.002592097;0.011168662
P1_SU_145321_right;TSC2#20;43976;12.47265646;22.79801342;1.827839442
P1_SU_145321_right;PTEN#15;4914;3.073147308;2.547513142;0.828959007
P1_SU_145321_right;PTEN#16;26085;5.140585819;13.52297117;2.630628423
P1_SU_145321_right;PTEN#17;7908;4.158885984;4.099660954;0.9857594
P1_SU_145321_right;Hom#25;5333;1.908712586;2.764730888;1.448479414
P1_SU_145321_right;Hom#26;4789;3.725390813;2.482710712;0.666429601
P1_SU_145321_right;Hom#27;4709;2.687670063;2.441237156;0.908309837
P1_SU_145321_right;V654A#29;1219;4.647068239;0.631953301;0.135989675
P1_SU_145321_right;V654A#30;987;3.419943446;0.51167999;0.149616506
P1_SU_145321_right;V654A#39;459;2.53961479;0.237954524;0.093697093
P1_SU_145321_right;D816E#24;4369;2.41690231;2.264974546;0.937139468
P1_SU_145321_right;D816E#34;685;1.828682708;0.355117318;0.194192966
P1_SU_145321_right;D816E#36;16594;12.48065945;8.602652234;0.689278661
P1_SU_145321_right;D816A#10;11320;4.324281065;5.868508093;1.357106073
P1_SU_145321_right;D816A#11;2256;1.914047911;1.169554263;0.611037089
P1_SU_145321_right;D816A#13;2287;5.859520888;1.185625266;0.202341674
P1_SU_145321_right;A829P#21;645;1.63527717;0.334380541;0.204479428
P1_SU_145321_right;A829P#22;1283;2.38622419;0.665132145;0.27873833
P1_SU_145321_right;A829P#28;654;2.120791762;0.339046316;0.159867801
P1_SU_147720_left;T1parental#4;1649;0.598890252;1.007336636;1.682005396
P1_SU_147720_left;T1parental#6;19212;5.352664995;11.73617432;2.192585251
P1_SU_147720_left;T1parental#9;24662;6.815877928;15.0654555;2.210347025
P1_SU_147720_left;TSC2#18;7437;8.260417222;4.543094338;0.549983641
P1_SU_147720_left;TSC2#19;8;0.232086646;0.004887018;0.02105687
P1_SU_147720_left;TSC2#20;29678;12.47265646;18.12961594;1.453548889
P1_SU_147720_left;PTEN#15;4092;3.073147308;2.499709833;0.813403844
P1_SU_147720_left;PTEN#16;18205;5.140585819;11.1210209;2.163376177
P1_SU_147720_left;PTEN#17;7894;4.158885984;4.822265255;1.159508886
P1_SU_147720_left;Hom#25;4884;1.908712586;2.98352464;1.563108381
P1_SU_147720_left;Hom#26;6261;3.725390813;3.824702655;1.026658101
P1_SU_147720_left;Hom#27;4141;2.687670063;2.52964282;0.941202886
P1_SU_147720_left;V654A#29;1229;4.647068239;0.750768178;0.161557382
P1_SU_147720_left;V654A#30;1066;3.419943446;0.651195181;0.190411096
P1_SU_147720_left;V654A#39;381;2.53961479;0.232744244;0.091645491
P1_SU_147720_left;D816E#24;3516;2.41690231;2.14784452;0.888676597
P1_SU_147720_left;D816E#34;835;1.828682708;0.51008253;0.278934408
P1_SU_147720_left;D816E#36;11966;12.48065945;7.309757543;0.585686804
P1_SU_147720_left;D816A#10;10159;4.324281065;6.205902296;1.435129263
P1_SU_147720_left;D816A#11;2464;1.914047911;1.50520162;0.786397044
P1_SU_147720_left;D816A#13;2124;5.859520888;1.297503345;0.221435057
P1_SU_147720_left;A829P#21;440;1.63527717;0.268786004;0.164367245
P1_SU_147720_left;A829P#22;937;2.38622419;0.572392012;0.239873527
P1_SU_147720_left;A829P#28;459;2.120791762;0.280392672;0.132211317
P1_SU_147720_right;T1parental#4;1343;0.598890252;0.875797217;1.462366791
P1_SU_147720_right;T1parental#6;19217;5.352664995;12.53179085;2.34122458
P1_SU_147720_right;T1parental#9;22911;6.815877928;14.94072229;2.192046637
P1_SU_147720_right;TSC2#18;6604;8.260417222;4.306600759;0.521353903
P1_SU_147720_right;TSC2#19;18;0.232086646;0.011738161;0.050576632
P1_SU_147720_right;TSC2#20;32178;12.47265646;20.98391872;1.682393706
P1_SU_147720_right;PTEN#15;3304;3.073147308;2.15460462;0.701106847
P1_SU_147720_right;PTEN#16;17404;5.140585819;11.34949722;2.207821757
P1_SU_147720_right;PTEN#17;7054;4.158885984;4.600054778;1.106078598
P1_SU_147720_right;Hom#25;5195;1.908712586;3.38776362;1.774894578
P1_SU_147720_right;Hom#26;4463;3.725390813;2.910411749;0.781236626
P1_SU_147720_right;Hom#27;4155;2.687670063;2.709558776;1.008144122
P1_SU_147720_right;V654A#29;776;4.647068239;0.506045153;0.108895572
P1_SU_147720_right;V654A#30;718;3.419943446;0.46822219;0.136909337
P1_SU_147720_right;V654A#39;305;2.53961479;0.198896613;0.078317631
P1_SU_147720_right;D816E#24;3247;2.41690231;2.117433777;0.876094068
P1_SU_147720_right;D816E#34;831;1.828682708;0.541911755;0.296339957
P1_SU_147720_right;D816E#36;10236;12.48065945;6.675100753;0.534835582
P1_SU_147720_right;D816A#10;7859;4.324281065;5.125011412;1.185170745
P1_SU_147720_right;D816A#11;1908;1.914047911;1.244245041;0.650059507
P1_SU_147720_right;D816A#13;2131;5.859520888;1.38966781;0.237164068
P1_SU_147720_right;A829P#21;282;1.63527717;0.183897852;0.112456686
P1_SU_147720_right;A829P#22;856;2.38622419;0.558214756;0.233932234
P1_SU_147720_right;A829P#28;351;2.120791762;0.228894135;0.107928623
P1_t0_147722_left;T1parental#4;191;0.598890252;0.509509963;0.850756815
P1_t0_147722_left;T1parental#6;2246;5.352664995;5.991410356;1.119332213
P1_t0_147722_left;T1parental#9;3448;6.815877928;9.197855256;1.349474764
P1_t0_147722_left;TSC2#18;1649;8.260417222;4.398858271;0.532522529
P1_t0_147722_left;TSC2#19;513;0.232086646;1.368474404;5.896394428
P1_t0_147722_left;TSC2#20;3539;12.47265646;9.440606077;0.756904201
P1_t0_147722_left;PTEN#15;2133;3.073147308;5.689972524;1.851513108
P1_t0_147722_left;PTEN#16;2505;5.140585819;6.682316536;1.299913429
P1_t0_147722_left;PTEN#17;2278;4.158885984;6.076773281;1.461154094
P1_t0_147722_left;Hom#25;1171;1.908712586;3.123749567;1.636574092
P1_t0_147722_left;Hom#26;1783;3.725390813;4.756315523;1.276729278
P1_t0_147722_left;Hom#27;1836;2.687670063;4.897697869;1.822283894
P1_t0_147722_left;V654A#29;750;4.647068239;2.000693574;0.430528125
P1_t0_147722_left;V654A#30;1182;3.419943446;3.153093072;0.921972285
P1_t0_147722_left;V654A#39;253;2.53961479;0.674900632;0.265749213
P1_t0_147722_left;D816E#24;1411;2.41690231;3.76397151;1.557353599
P1_t0_147722_left;D816E#34;1190;1.828682708;3.174433804;1.735912846
P1_t0_147722_left;D816E#36;3317;12.48065945;8.848400779;0.708969011
P1_t0_147722_left;D816A#10;1120;4.324281065;2.987702403;0.690913093
P1_t0_147722_left;D816A#11;549;1.914047911;1.464507696;0.765136383
P1_t0_147722_left;D816A#13;1177;5.859520888;3.139755115;0.535838198
P1_t0_147722_left;A829P#21;478;1.63527717;1.275108704;0.779750814
P1_t0_147722_left;A829P#22;1503;2.38622419;4.009389922;1.680223484
P1_t0_147722_left;A829P#28;1265;2.120791762;3.374503161;1.591152522
P1_t0_147722_right;T1parental#4;754;0.598890252;0.792599601;1.323447155
P1_t0_147722_right;T1parental#6;11198;5.352664995;11.77126038;2.199140128
P1_t0_147722_right;T1parental#9;13780;6.815877928;14.48544098;2.125249473
P1_t0_147722_right;TSC2#18;4249;8.260417222;4.4665195;0.540713547
P1_t0_147722_right;TSC2#19;92;0.232086646;0.096709766;0.416696813
P1_t0_147722_right;TSC2#20;9375;12.47265646;9.854935352;0.790123209
P1_t0_147722_right;PTEN#15;3586;3.073147308;3.769578472;1.226618217
P1_t0_147722_right;PTEN#16;7185;5.140585819;7.552822453;1.469253256
P1_t0_147722_right;PTEN#17;6347;4.158885984;6.671922632;1.604257164
P1_t0_147722_right;Hom#25;2890;1.908712586;3.037948071;1.591621543
P1_t0_147722_right;Hom#26;3313;3.725390813;3.482602754;0.934828835
P1_t0_147722_right;Hom#27;2973;2.687670063;3.125197099;1.162790456
P1_t0_147722_right;V654A#29;2510;4.647068239;2.638494691;0.567776188
P1_t0_147722_right;V654A#30;2061;3.419943446;2.166508988;0.633492636
P1_t0_147722_right;V654A#39;760;2.53961479;0.798906759;0.314577928
P1_t0_147722_right;D816E#24;2249;2.41690231;2.364133291;0.978166673
P1_t0_147722_right;D816E#34;660;1.828682708;0.693787449;0.379391923
P1_t0_147722_right;D816E#36;12020;12.48065945;12.63534111;1.012393709
P1_t0_147722_right;D816A#10;3039;4.324281065;3.194575844;0.738753054
P1_t0_147722_right;D816A#11;1364;1.914047911;1.433827394;0.749107369
P1_t0_147722_right;D816A#13;2182;5.859520888;2.293703353;0.391448959
P1_t0_147722_right;A829P#21;578;1.63527717;0.607589614;0.371551456
P1_t0_147722_right;A829P#22;1130;2.38622419;1.187848208;0.497794052
P1_t0_147722_right;A829P#28;835;2.120791762;0.877746242;0.413876675
P1_t0_148884_left;T1parental#4;468;0.598890252;0.762177744;1.272650107
P1_t0_148884_left;T1parental#6;6333;5.352664995;10.31382831;1.926858551
P1_t0_148884_left;T1parental#9;7936;6.815877928;12.92444995;1.896226734
P1_t0_148884_left;TSC2#18;1789;8.260417222;2.913538426;0.352710807
P1_t0_148884_left;TSC2#19;333;0.232086646;0.542318779;2.336708248
P1_t0_148884_left;TSC2#20;4957;12.47265646;8.072895461;0.64724748
P1_t0_148884_left;PTEN#15;2843;3.073147308;4.630066935;1.506620565
P1_t0_148884_left;PTEN#16;3542;5.140585819;5.768447796;1.122138215
P1_t0_148884_left;PTEN#17;3265;4.158885984;5.317329772;1.278546657
P1_t0_148884_left;Hom#25;2273;1.908712586;3.701773529;1.939408561
P1_t0_148884_left;Hom#26;2402;3.725390813;3.911860984;1.050053855
P1_t0_148884_left;Hom#27;2797;2.687670063;4.555152028;1.694833042
P1_t0_148884_left;V654A#29;1570;4.647068239;2.556878328;0.550213209
P1_t0_148884_left;V654A#30;1534;3.419943446;2.498249271;0.730494323
P1_t0_148884_left;V654A#39;377;2.53961479;0.613976516;0.241759702
P1_t0_148884_left;D816E#24;2012;2.41690231;3.276712864;1.355748989
P1_t0_148884_left;D816E#34;1194;1.828682708;1.944530398;1.06335035
P1_t0_148884_left;D816E#36;8407;12.48065945;13.69151344;1.097018431
P1_t0_148884_left;D816A#10;1687;4.324281065;2.747422764;0.63534787
P1_t0_148884_left;D816A#11;1008;1.914047911;1.641613602;0.857665888
P1_t0_148884_left;D816A#13;1391;5.859520888;2.265361627;0.386612092
P1_t0_148884_left;A829P#21;526;1.63527717;0.856635669;0.523847385
P1_t0_148884_left;A829P#22;1604;2.38622419;2.612250216;1.094721203
P1_t0_148884_left;A829P#28;1155;2.120791762;1.881015586;0.886940255
P1_t0_148884_right;T1parental#4;206;0.598890252;0.396932444;0.662779938
P1_t0_148884_right;T1parental#6;1640;5.352664995;3.160044703;0.590368481
P1_t0_148884_right;T1parental#9;4743;6.815877928;9.139080504;1.340851553
P1_t0_148884_right;TSC2#18;2179;8.260417222;4.198620371;0.508281877
P1_t0_148884_right;TSC2#19;788;0.232086646;1.518362943;6.542224514
P1_t0_148884_right;TSC2#20;3786;12.47265646;7.295078808;0.584885732
P1_t0_148884_right;PTEN#15;3908;3.073147308;7.530155305;2.450307307
P1_t0_148884_right;PTEN#16;3053;5.140585819;5.882692975;1.144362371
P1_t0_148884_right;PTEN#17;2859;4.158885984;5.508882809;1.324605394
P1_t0_148884_right;Hom#25;1065;1.908712586;2.0521022;1.075123733
P1_t0_148884_right;Hom#26;1949;3.725390813;3.75544337;1.008066954
P1_t0_148884_right;Hom#27;3826;2.687670063;7.372153069;2.742953151
P1_t0_148884_right;V654A#29;1754;4.647068239;3.379706347;0.727277107
P1_t0_148884_right;V654A#30;1913;3.419943446;3.686076535;1.07781798
P1_t0_148884_right;V654A#39;589;2.53961479;1.134918494;0.446886078
P1_t0_148884_right;D816E#24;1296;2.41690231;2.497206058;1.033225897
P1_t0_148884_right;D816E#34;2332;1.828682708;4.493429419;2.457194678
P1_t0_148884_right;D816E#36;3659;12.48065945;7.05036803;0.564903486
P1_t0_148884_right;D816A#10;2051;4.324281065;3.951982735;0.91390515
P1_t0_148884_right;D816A#11;990;1.914047911;1.907587961;0.99662498
P1_t0_148884_right;D816A#13;1460;5.859520888;2.813210528;0.48010931
P1_t0_148884_right;A829P#21;1047;1.63527717;2.017418783;1.233686142
P1_t0_148884_right;A829P#22;2681;2.38622419;5.165902347;2.164885583
P1_t0_148884_right;A829P#28;2124;2.120791762;4.092643262;1.929771388
